#ifdef __cplusplus
extern "C" {
#endif

unsigned const char robust_denoiser_int8_tflite[] = {
  0x1c, 0x00, 0x00, 0x00, 0x54, 0x46, 0x4c, 0x33, 0x14, 0x00, 0x20, 0x00,
  0x1c, 0x00, 0x18, 0x00, 0x14, 0x00, 0x10, 0x00, 0x0c, 0x00, 0x00, 0x00,
  0x08, 0x00, 0x04, 0x00, 0x14, 0x00, 0x00, 0x00, 0x1c, 0x00, 0x00, 0x00,
  0x8c, 0x00, 0x00, 0x00, 0xe4, 0x00, 0x00, 0x00, 0x64, 0x19, 0x00, 0x00,
  0x74, 0x19, 0x00, 0x00, 0xb4, 0x49, 0x00, 0x00, 0x03, 0x00, 0x00, 0x00,
  0x01, 0x00, 0x00, 0x00, 0x04, 0x00, 0x00, 0x00, 0xea, 0xdf, 0xff, 0xff,
  0x0c, 0x00, 0x00, 0x00, 0x1c, 0x00, 0x00, 0x00, 0x3c, 0x00, 0x00, 0x00,
  0x0f, 0x00, 0x00, 0x00, 0x73, 0x65, 0x72, 0x76, 0x69, 0x6e, 0x67, 0x5f,
  0x64, 0x65, 0x66, 0x61, 0x75, 0x6c, 0x74, 0x00, 0x01, 0x00, 0x00, 0x00,
  0x04, 0x00, 0x00, 0x00, 0x90, 0xff, 0xff, 0xff, 0x3a, 0x00, 0x00, 0x00,
  0x04, 0x00, 0x00, 0x00, 0x08, 0x00, 0x00, 0x00, 0x6f, 0x75, 0x74, 0x70,
  0x75, 0x74, 0x5f, 0x30, 0x00, 0x00, 0x00, 0x00, 0x01, 0x00, 0x00, 0x00,
  0x04, 0x00, 0x00, 0x00, 0x22, 0xe7, 0xff, 0xff, 0x04, 0x00, 0x00, 0x00,
  0x0e, 0x00, 0x00, 0x00, 0x64, 0x65, 0x6e, 0x6f, 0x69, 0x73, 0x65, 0x72,
  0x5f, 0x69, 0x6e, 0x70, 0x75, 0x74, 0x00, 0x00, 0x02, 0x00, 0x00, 0x00,
  0x34, 0x00, 0x00, 0x00, 0x04, 0x00, 0x00, 0x00, 0xdc, 0xff, 0xff, 0xff,
  0x3d, 0x00, 0x00, 0x00, 0x04, 0x00, 0x00, 0x00, 0x13, 0x00, 0x00, 0x00,
  0x43, 0x4f, 0x4e, 0x56, 0x45, 0x52, 0x53, 0x49, 0x4f, 0x4e, 0x5f, 0x4d,
  0x45, 0x54, 0x41, 0x44, 0x41, 0x54, 0x41, 0x00, 0x08, 0x00, 0x0c, 0x00,
  0x08, 0x00, 0x04, 0x00, 0x08, 0x00, 0x00, 0x00, 0x3c, 0x00, 0x00, 0x00,
  0x04, 0x00, 0x00, 0x00, 0x13, 0x00, 0x00, 0x00, 0x6d, 0x69, 0x6e, 0x5f,
  0x72, 0x75, 0x6e, 0x74, 0x69, 0x6d, 0x65, 0x5f, 0x76, 0x65, 0x72, 0x73,
  0x69, 0x6f, 0x6e, 0x00, 0x3e, 0x00, 0x00, 0x00, 0x7c, 0x18, 0x00, 0x00,
  0x74, 0x18, 0x00, 0x00, 0x60, 0x18, 0x00, 0x00, 0x3c, 0x18, 0x00, 0x00,
  0x28, 0x18, 0x00, 0x00, 0x0c, 0x18, 0x00, 0x00, 0xf0, 0x17, 0x00, 0x00,
  0xd4, 0x17, 0x00, 0x00, 0xc0, 0x17, 0x00, 0x00, 0xb8, 0x17, 0x00, 0x00,
  0xa0, 0x17, 0x00, 0x00, 0x88, 0x17, 0x00, 0x00, 0x6c, 0x17, 0x00, 0x00,
  0x50, 0x17, 0x00, 0x00, 0x3c, 0x17, 0x00, 0x00, 0x34, 0x17, 0x00, 0x00,
  0xac, 0x16, 0x00, 0x00, 0x7c, 0x16, 0x00, 0x00, 0xac, 0x12, 0x00, 0x00,
  0x7c, 0x12, 0x00, 0x00, 0xac, 0x0e, 0x00, 0x00, 0x7c, 0x0e, 0x00, 0x00,
  0xac, 0x0a, 0x00, 0x00, 0x7c, 0x0a, 0x00, 0x00, 0xec, 0x02, 0x00, 0x00,
  0x9c, 0x02, 0x00, 0x00, 0x9c, 0x01, 0x00, 0x00, 0x94, 0x01, 0x00, 0x00,
  0x8c, 0x01, 0x00, 0x00, 0x84, 0x01, 0x00, 0x00, 0x7c, 0x01, 0x00, 0x00,
  0x74, 0x01, 0x00, 0x00, 0x6c, 0x01, 0x00, 0x00, 0x64, 0x01, 0x00, 0x00,
  0x5c, 0x01, 0x00, 0x00, 0x54, 0x01, 0x00, 0x00, 0x4c, 0x01, 0x00, 0x00,
  0x44, 0x01, 0x00, 0x00, 0x3c, 0x01, 0x00, 0x00, 0x34, 0x01, 0x00, 0x00,
  0x2c, 0x01, 0x00, 0x00, 0x24, 0x01, 0x00, 0x00, 0x1c, 0x01, 0x00, 0x00,
  0x14, 0x01, 0x00, 0x00, 0x0c, 0x01, 0x00, 0x00, 0x04, 0x01, 0x00, 0x00,
  0xfc, 0x00, 0x00, 0x00, 0xf4, 0x00, 0x00, 0x00, 0xec, 0x00, 0x00, 0x00,
  0xe4, 0x00, 0x00, 0x00, 0xdc, 0x00, 0x00, 0x00, 0xd4, 0x00, 0x00, 0x00,
  0xcc, 0x00, 0x00, 0x00, 0xc4, 0x00, 0x00, 0x00, 0xbc, 0x00, 0x00, 0x00,
  0xb4, 0x00, 0x00, 0x00, 0xac, 0x00, 0x00, 0x00, 0xa4, 0x00, 0x00, 0x00,
  0x9c, 0x00, 0x00, 0x00, 0x94, 0x00, 0x00, 0x00, 0x74, 0x00, 0x00, 0x00,
  0x04, 0x00, 0x00, 0x00, 0x96, 0xe8, 0xff, 0xff, 0x04, 0x00, 0x00, 0x00,
  0x60, 0x00, 0x00, 0x00, 0x0c, 0x00, 0x00, 0x00, 0x08, 0x00, 0x0e, 0x00,
  0x08, 0x00, 0x04, 0x00, 0x08, 0x00, 0x00, 0x00, 0x10, 0x00, 0x00, 0x00,
  0x28, 0x00, 0x00, 0x00, 0x00, 0x00, 0x06, 0x00, 0x08, 0x00, 0x04, 0x00,
  0x06, 0x00, 0x00, 0x00, 0x04, 0x00, 0x00, 0x00, 0x01, 0x00, 0x00, 0x00,
  0xeb, 0x03, 0x00, 0x00, 0x0c, 0x00, 0x18, 0x00, 0x14, 0x00, 0x10, 0x00,
  0x0c, 0x00, 0x04, 0x00, 0x0c, 0x00, 0x00, 0x00, 0x50, 0xde, 0x51, 0xf7,
  0xef, 0xf1, 0x06, 0xa2, 0x02, 0x00, 0x00, 0x00, 0x02, 0x00, 0x00, 0x00,
  0x04, 0x00, 0x00, 0x00, 0x06, 0x00, 0x00, 0x00, 0x32, 0x2e, 0x32, 0x31,
  0x2e, 0x30, 0x00, 0x00, 0x02, 0xe9, 0xff, 0xff, 0x04, 0x00, 0x00, 0x00,
  0x10, 0x00, 0x00, 0x00, 0x32, 0x2e, 0x31, 0x33, 0x2e, 0x30, 0x00, 0x00,
  0x00, 0x00, 0x00, 0x00, 0x00, 0x00, 0x00, 0x00, 0x74, 0xb9, 0xff, 0xff,
  0x78, 0xb9, 0xff, 0xff, 0x7c, 0xb9, 0xff, 0xff, 0x80, 0xb9, 0xff, 0xff,
  0x84, 0xb9, 0xff, 0xff, 0x88, 0xb9, 0xff, 0xff, 0x8c, 0xb9, 0xff, 0xff,
  0x90, 0xb9, 0xff, 0xff, 0x94, 0xb9, 0xff, 0xff, 0x98, 0xb9, 0xff, 0xff,
  0x9c, 0xb9, 0xff, 0xff, 0xa0, 0xb9, 0xff, 0xff, 0xa4, 0xb9, 0xff, 0xff,
  0xa8, 0xb9, 0xff, 0xff, 0xac, 0xb9, 0xff, 0xff, 0xb0, 0xb9, 0xff, 0xff,
  0xb4, 0xb9, 0xff, 0xff, 0xb8, 0xb9, 0xff, 0xff, 0xbc, 0xb9, 0xff, 0xff,
  0xc0, 0xb9, 0xff, 0xff, 0xc4, 0xb9, 0xff, 0xff, 0xc8, 0xb9, 0xff, 0xff,
  0xcc, 0xb9, 0xff, 0xff, 0xd0, 0xb9, 0xff, 0xff, 0xd4, 0xb9, 0xff, 0xff,
  0xd8, 0xb9, 0xff, 0xff, 0xdc, 0xb9, 0xff, 0xff, 0xe0, 0xb9, 0xff, 0xff,
  0xe4, 0xb9, 0xff, 0xff, 0xe8, 0xb9, 0xff, 0xff, 0xec, 0xb9, 0xff, 0xff,
  0xf0, 0xb9, 0xff, 0xff, 0xf4, 0xb9, 0xff, 0xff, 0xa2, 0xe9, 0xff, 0xff,
  0x04, 0x00, 0x00, 0x00, 0xf0, 0x00, 0x00, 0x00, 0x10, 0x06, 0x1a, 0x39,
  0xde, 0xab, 0x81, 0xb8, 0xc8, 0x01, 0xbc, 0xd3, 0xdb, 0x17, 0xfe, 0xef,
  0x05, 0xb2, 0xc7, 0x81, 0x97, 0x0e, 0x4a, 0x45, 0x1b, 0x6b, 0x2b, 0x1a,
  0x46, 0xe4, 0x16, 0xd9, 0x0e, 0xdf, 0xdc, 0xde, 0x9c, 0x66, 0xd0, 0x17,
  0x6e, 0x51, 0x37, 0x7f, 0x28, 0xac, 0xf2, 0xed, 0x35, 0xb6, 0x27, 0x84,
  0x13, 0x1b, 0xcf, 0x81, 0x9d, 0x07, 0xe5, 0x16, 0xd8, 0x4b, 0x6f, 0xfe,
  0x4b, 0x21, 0x17, 0x2b, 0x81, 0x86, 0xd7, 0x9e, 0xfe, 0x1e, 0xc1, 0xbf,
  0x81, 0x28, 0xd9, 0x96, 0xd1, 0xdc, 0x3f, 0xf2, 0x25, 0x8c, 0xed, 0xa4,
  0x36, 0xb4, 0x04, 0x38, 0x79, 0xff, 0x4a, 0x79, 0xa1, 0x7f, 0x59, 0xe6,
  0xe9, 0x7d, 0xf7, 0x22, 0xf4, 0x45, 0x36, 0x53, 0x17, 0xbb, 0xa0, 0xbc,
  0x81, 0xd2, 0x1d, 0xd0, 0x8f, 0x9a, 0xf8, 0x92, 0x3b, 0x7a, 0xca, 0x4a,
  0x52, 0x7a, 0x08, 0x4d, 0x8d, 0xb9, 0xa7, 0x81, 0x0a, 0x8e, 0x34, 0x3f,
  0xe1, 0x29, 0xca, 0xcd, 0x92, 0xa6, 0x01, 0x81, 0x43, 0xc3, 0x31, 0xfb,
  0xdc, 0x21, 0x60, 0x4b, 0x1c, 0x2b, 0xd4, 0x24, 0x1f, 0x24, 0xd2, 0xdb,
  0x9e, 0x54, 0xaf, 0xd1, 0x7f, 0x27, 0x17, 0x94, 0x0d, 0x81, 0x9f, 0xe1,
  0xb0, 0xeb, 0xaf, 0x3c, 0xa4, 0x0a, 0xd3, 0xa1, 0xe4, 0xe3, 0xdc, 0xc4,
  0x22, 0xa4, 0x2e, 0xd3, 0xca, 0x05, 0x3e, 0x64, 0x7f, 0xf9, 0x09, 0xbf,
  0x15, 0x0c, 0xc4, 0x91, 0xed, 0x2d, 0x7f, 0x3d, 0x60, 0x42, 0x2d, 0xdd,
  0x08, 0xa8, 0x7f, 0xf2, 0x64, 0x3a, 0xda, 0x39, 0x6d, 0x47, 0x35, 0x07,
  0xff, 0x4e, 0x5a, 0xc8, 0x49, 0x04, 0xf2, 0x3b, 0x56, 0x46, 0x7a, 0x7f,
  0xb6, 0x5d, 0x4e, 0xcc, 0x41, 0x4f, 0x35, 0xe2, 0x9e, 0xea, 0xff, 0xff,
  0x04, 0x00, 0x00, 0x00, 0x40, 0x00, 0x00, 0x00, 0x7a, 0x07, 0x00, 0x00,
  0xa1, 0x02, 0x00, 0x00, 0x48, 0xf7, 0xff, 0xff, 0xa9, 0xfb, 0xff, 0xff,
  0xc1, 0xf1, 0xff, 0xff, 0x84, 0x01, 0x00, 0x00, 0x2f, 0x05, 0x00, 0x00,
  0xd2, 0xf7, 0xff, 0xff, 0x34, 0xf9, 0xff, 0xff, 0xda, 0xf2, 0xff, 0xff,
  0xed, 0x01, 0x00, 0x00, 0xd4, 0xf1, 0xff, 0xff, 0x6d, 0xfc, 0xff, 0xff,
  0x16, 0x0a, 0x00, 0x00, 0x2b, 0x0c, 0x00, 0x00, 0xa5, 0xfb, 0xff, 0xff,
  0xea, 0xea, 0xff, 0xff, 0x04, 0x00, 0x00, 0x00, 0x80, 0x07, 0x00, 0x00,
  0xaf, 0x06, 0x31, 0xaf, 0x02, 0xfb, 0xb7, 0x1e, 0xab, 0xf0, 0xbc, 0xb6,
  0xe5, 0xe9, 0xe4, 0x51, 0xdb, 0x38, 0xfb, 0x28, 0x3c, 0xa5, 0xdb, 0xd7,
  0x0d, 0x24, 0x44, 0xc2, 0x08, 0xd2, 0x02, 0xbf, 0x3a, 0xf0, 0xf8, 0x2f,
  0xfc, 0xe1, 0xef, 0x0e, 0x44, 0xf6, 0x09, 0x4c, 0xc8, 0x00, 0x4d, 0xe8,
  0xe7, 0xb9, 0xf5, 0xbe, 0x3c, 0xed, 0x52, 0x27, 0xbd, 0x6e, 0x34, 0x25,
  0x10, 0xb8, 0x0b, 0xef, 0xd8, 0x19, 0xbb, 0xdc, 0xc4, 0x2c, 0x07, 0x21,
  0xa1, 0x61, 0xd5, 0x2b, 0xcf, 0xe5, 0x3a, 0xa6, 0x3a, 0xca, 0x3d, 0x38,
  0xf8, 0xe9, 0xd9, 0x51, 0x0a, 0xd5, 0x2a, 0x37, 0xf8, 0xea, 0xd3, 0xbb,
  0xf0, 0x9b, 0x39, 0x3a, 0xc7, 0xff, 0xf2, 0x25, 0xc3, 0x0d, 0x2a, 0xf5,
  0x23, 0xb2, 0x27, 0x24, 0x20, 0xdd, 0xf6, 0x2b, 0x13, 0xf0, 0xbb, 0xc8,
  0xee, 0xfd, 0x0c, 0x43, 0x28, 0x30, 0xf0, 0xe0, 0x37, 0xec, 0xce, 0xe6,
  0xfc, 0xf7, 0x3e, 0x17, 0x1a, 0x29, 0xf9, 0x32, 0xc9, 0xac, 0xd8, 0x05,
  0x2c, 0xdf, 0xe6, 0x0c, 0xc6, 0x31, 0xcb, 0x38, 0x0e, 0xc5, 0x14, 0x26,
  0xea, 0xf1, 0xf3, 0x30, 0xf6, 0x3c, 0xb7, 0x2a, 0x41, 0xda, 0x01, 0x32,
  0xf0, 0x2f, 0xc8, 0xd3, 0xcd, 0xbe, 0xf1, 0x1d, 0xf9, 0xe9, 0xf3, 0xf4,
  0x51, 0xf8, 0x11, 0xc6, 0xc8, 0x0b, 0xed, 0x3d, 0xda, 0xd3, 0x2b, 0xc7,
  0xfa, 0x0d, 0x7f, 0xe0, 0xd6, 0xfe, 0xe1, 0xc9, 0x0f, 0xe0, 0x18, 0x29,
  0x3e, 0xbb, 0x16, 0x3b, 0xe0, 0x1e, 0x0c, 0xe9, 0x39, 0x09, 0xcf, 0x1c,
  0x09, 0x16, 0x09, 0xe3, 0x0d, 0x6b, 0x34, 0x06, 0xd2, 0x38, 0x4f, 0x38,
  0x27, 0xb5, 0x56, 0x2e, 0x06, 0x1c, 0x2e, 0xb8, 0xe0, 0x3a, 0xd2, 0xe0,
  0xbb, 0x7f, 0xa8, 0xca, 0x49, 0x01, 0x3c, 0xc7, 0xdf, 0xc3, 0x16, 0x67,
  0xf3, 0x0b, 0xbb, 0xb5, 0xed, 0x1a, 0xf3, 0x3f, 0xc3, 0x79, 0x21, 0x33,
  0x4d, 0x3e, 0xca, 0xd1, 0x2a, 0xb8, 0xbe, 0x51, 0x21, 0x4b, 0x39, 0xf9,
  0x76, 0x08, 0x4f, 0x38, 0x3d, 0xf9, 0xd9, 0x44, 0x2f, 0x29, 0xf9, 0xee,
  0x31, 0xd7, 0xf8, 0x1f, 0x56, 0x39, 0x4d, 0x65, 0x2a, 0xd7, 0xa7, 0xfa,
  0x35, 0x2f, 0x02, 0x32, 0xc6, 0x6c, 0xbd, 0xf5, 0x52, 0x93, 0x2e, 0x68,
  0xfd, 0xf2, 0x40, 0xf0, 0xf6, 0x15, 0xa7, 0xec, 0xce, 0x55, 0xe9, 0xa6,
  0xd9, 0xd3, 0x61, 0xfe, 0x27, 0x1e, 0xd6, 0x7d, 0x32, 0x61, 0xbf, 0xba,
  0xb3, 0x50, 0x3a, 0xa6, 0x8a, 0x59, 0x09, 0xcb, 0x32, 0xd1, 0x0e, 0x55,
  0x29, 0xfa, 0x67, 0xad, 0x81, 0xca, 0x5f, 0x9a, 0xbb, 0x3d, 0x12, 0x90,
  0xd5, 0x3d, 0x1b, 0xdb, 0xf5, 0xf9, 0xf6, 0x77, 0xab, 0xc3, 0xc3, 0x52,
  0x6c, 0xee, 0x4c, 0xf3, 0xc5, 0x1f, 0x09, 0xc5, 0xfa, 0xf3, 0xdd, 0x17,
  0x02, 0x1d, 0xda, 0xf3, 0x8c, 0xbe, 0x53, 0xe4, 0xff, 0x1d, 0x11, 0xda,
  0x08, 0xe5, 0x5e, 0x71, 0x16, 0xb8, 0x1d, 0xc7, 0x53, 0x4d, 0x27, 0xc7,
  0x0d, 0x26, 0x0c, 0x3c, 0x4b, 0x6b, 0xf0, 0x72, 0xc4, 0x15, 0x12, 0x22,
  0xab, 0xe1, 0x09, 0xa0, 0x2c, 0xe6, 0x4d, 0x38, 0xc5, 0x2f, 0xac, 0xc1,
  0xd2, 0xd0, 0x17, 0x30, 0x3e, 0x05, 0x6d, 0x42, 0x3d, 0xe8, 0x4e, 0xe3,
  0xa7, 0xb8, 0x45, 0xc8, 0x2d, 0xec, 0x54, 0x5f, 0xca, 0x2b, 0x40, 0x0c,
  0xac, 0x39, 0xf6, 0xcd, 0x05, 0xd0, 0xb5, 0x14, 0x17, 0xe6, 0x2f, 0xd3,
  0xa2, 0x48, 0xa7, 0xf7, 0xb8, 0x5a, 0xf9, 0x0c, 0xfc, 0xad, 0x22, 0x2b,
  0x06, 0xc7, 0x1b, 0xe1, 0x15, 0x29, 0x26, 0x0f, 0x62, 0x27, 0x05, 0xe1,
  0xe6, 0x97, 0xdc, 0xe8, 0xde, 0x28, 0x38, 0xe6, 0xfa, 0x14, 0xe2, 0xd2,
  0xe5, 0x10, 0x11, 0xf3, 0x2e, 0x0a, 0xd9, 0xec, 0xa6, 0x6b, 0xe2, 0x3c,
  0x02, 0x11, 0xcd, 0x28, 0x4b, 0xda, 0xac, 0xed, 0xdc, 0x7f, 0x3d, 0xc6,
  0xcf, 0x19, 0xc2, 0xbe, 0xdb, 0x30, 0x28, 0xb5, 0x17, 0x08, 0xdc, 0x16,
  0xe2, 0x19, 0x2b, 0x36, 0x37, 0x24, 0x47, 0x0e, 0x16, 0x17, 0x1d, 0xd4,
  0xfc, 0x23, 0xdd, 0xfa, 0xd0, 0xe2, 0xf7, 0x16, 0x04, 0x3a, 0xfa, 0xe9,
  0xdf, 0x1c, 0x51, 0x3e, 0x0f, 0x3e, 0x1f, 0x43, 0x61, 0x22, 0x35, 0x12,
  0xd9, 0x5c, 0x23, 0xc4, 0xdb, 0xf0, 0x14, 0x44, 0xff, 0x64, 0x1d, 0x11,
  0x06, 0x51, 0x4b, 0x58, 0xcb, 0x0d, 0x3a, 0x5f, 0x47, 0x35, 0x23, 0xe4,
  0x0c, 0xfe, 0x2d, 0x00, 0x3c, 0x66, 0xec, 0x30, 0xb0, 0x38, 0x4e, 0x4e,
  0xa5, 0x0e, 0xc1, 0x00, 0xc0, 0x05, 0xeb, 0xec, 0xec, 0xed, 0x15, 0xd9,
  0x44, 0xcd, 0x18, 0x57, 0x3a, 0xfd, 0x10, 0x30, 0xe2, 0xe0, 0x26, 0x18,
  0x26, 0xe1, 0xd1, 0x64, 0xea, 0xff, 0x55, 0xe3, 0xed, 0x4e, 0x36, 0x0e,
  0x98, 0x5f, 0x1f, 0xf9, 0x39, 0x23, 0xc2, 0x1b, 0x0c, 0x26, 0x2f, 0x02,
  0x12, 0x43, 0xc0, 0x0f, 0xeb, 0x14, 0xc4, 0xea, 0x7c, 0x2d, 0xe6, 0xdb,
  0x97, 0x0d, 0x09, 0x57, 0xc9, 0x55, 0xb8, 0x0c, 0x03, 0xe9, 0xb6, 0x4d,
  0xfd, 0x27, 0x2b, 0xf2, 0xda, 0xb0, 0xe0, 0x05, 0xd9, 0x10, 0xf1, 0x2c,
  0x3b, 0xd4, 0x2e, 0x12, 0x45, 0xc0, 0xc8, 0xe9, 0xff, 0xa5, 0xdf, 0xfd,
  0xc2, 0x2a, 0xa8, 0x3b, 0x23, 0x27, 0xc9, 0xfb, 0xcf, 0xc6, 0xcf, 0xca,
  0x5d, 0x30, 0xbd, 0x73, 0xc7, 0x6c, 0xed, 0xef, 0x15, 0xf2, 0x22, 0xf1,
  0x19, 0xf4, 0x47, 0xaf, 0x40, 0x46, 0xe3, 0x6b, 0xab, 0x25, 0xb7, 0xe6,
  0x14, 0x53, 0x0e, 0x04, 0x11, 0xf6, 0x43, 0xf8, 0x09, 0x12, 0x57, 0xe5,
  0x44, 0xe6, 0x34, 0xb1, 0xc6, 0xf8, 0x32, 0x5c, 0x2f, 0xc0, 0x22, 0xde,
  0xdd, 0xd7, 0x07, 0x9b, 0x36, 0xd2, 0x26, 0x05, 0xee, 0xe2, 0x15, 0xb2,
  0x26, 0x5f, 0xc0, 0xb8, 0x0c, 0xf0, 0x58, 0xbd, 0x64, 0x9c, 0x6e, 0x50,
  0x06, 0xf9, 0xab, 0xcb, 0xcc, 0x0e, 0x74, 0xb2, 0x14, 0x1f, 0x47, 0x02,
  0x25, 0x27, 0x6b, 0x03, 0x91, 0x27, 0xf0, 0x5c, 0x5c, 0xf5, 0x52, 0xee,
  0xa5, 0x45, 0xc2, 0xde, 0x1d, 0xfc, 0xea, 0x1a, 0xd0, 0xd9, 0xeb, 0xf1,
  0xbb, 0x5a, 0x30, 0x39, 0xe2, 0xf1, 0x0c, 0xbc, 0x06, 0x96, 0x59, 0x3d,
  0x7a, 0xd3, 0xbb, 0xf5, 0x9e, 0xea, 0x6b, 0xc4, 0x1e, 0x93, 0x4c, 0x3d,
  0x37, 0xd6, 0x01, 0x30, 0x3a, 0x1d, 0x72, 0xcf, 0xa1, 0x4d, 0x7f, 0x2a,
  0x57, 0xb5, 0xbe, 0x2d, 0xcf, 0x07, 0xfd, 0x40, 0x66, 0x3e, 0x5b, 0x4d,
  0xa8, 0x5a, 0x0e, 0x47, 0x4f, 0x3b, 0x6f, 0xa6, 0x62, 0x10, 0x06, 0xe2,
  0x3c, 0xfa, 0x1e, 0xd8, 0x5b, 0xd1, 0xda, 0x4a, 0xce, 0x20, 0xc6, 0x5d,
  0x20, 0xcd, 0x14, 0x56, 0x13, 0xb6, 0xd5, 0x03, 0xe8, 0xfe, 0x15, 0x25,
  0xcb, 0xc1, 0x4c, 0x44, 0xdc, 0xd9, 0xab, 0x1d, 0xc1, 0x43, 0xd0, 0x2d,
  0x19, 0xb4, 0x20, 0x35, 0xee, 0x13, 0x45, 0xdf, 0x41, 0xb6, 0xbb, 0xd8,
  0x6e, 0x24, 0xc3, 0x33, 0xd9, 0x07, 0xf9, 0x15, 0xfe, 0xd8, 0x3c, 0x23,
  0x56, 0x3b, 0x04, 0xd6, 0x08, 0xf0, 0xdf, 0xae, 0xe4, 0x0b, 0xe7, 0xf4,
  0x15, 0x38, 0x11, 0x1b, 0xff, 0x45, 0xb0, 0x4d, 0xf1, 0xf6, 0x1e, 0x4b,
  0x0a, 0xb6, 0x0e, 0xed, 0x03, 0x17, 0x19, 0x3c, 0xb7, 0x0c, 0x37, 0xf6,
  0x3b, 0xaf, 0xf6, 0xfb, 0x26, 0xe1, 0x28, 0x28, 0xee, 0x26, 0x0c, 0x07,
  0x1e, 0x0d, 0x05, 0xb9, 0x20, 0x43, 0x12, 0x29, 0x3a, 0x3b, 0xcb, 0x11,
  0xc8, 0x4b, 0xd4, 0x0e, 0xd0, 0x1f, 0xc6, 0x28, 0xc9, 0x21, 0xc4, 0xf6,
  0x33, 0x16, 0x03, 0xde, 0xb4, 0xfb, 0x01, 0x50, 0xe2, 0x25, 0x3f, 0xfe,
  0x23, 0x24, 0x23, 0x00, 0x03, 0xdc, 0x28, 0x1e, 0x07, 0xd2, 0xfd, 0x58,
  0x61, 0xe5, 0xcb, 0x66, 0x2a, 0xde, 0x2d, 0x4e, 0xad, 0xd7, 0xb2, 0x2a,
  0x42, 0xe2, 0x16, 0x1f, 0x29, 0x24, 0xbf, 0xef, 0x4a, 0x26, 0xed, 0x27,
  0xa0, 0x99, 0x28, 0xf3, 0x7f, 0x22, 0x2b, 0x2e, 0xf0, 0x4d, 0xf1, 0x1c,
  0xf6, 0x0d, 0x0b, 0x68, 0x46, 0xe4, 0x3d, 0x33, 0x11, 0xf4, 0x3c, 0xf8,
  0x3b, 0x4b, 0xfa, 0x49, 0xbf, 0x2f, 0x16, 0x02, 0x60, 0x71, 0x1d, 0x0a,
  0x06, 0x0b, 0xcc, 0x39, 0xd4, 0x35, 0xdb, 0x22, 0x04, 0x2e, 0x24, 0x26,
  0x26, 0x11, 0xd0, 0x01, 0x06, 0x2b, 0x1a, 0x0b, 0xd5, 0xeb, 0xc1, 0xb3,
  0xfe, 0x31, 0xea, 0x5b, 0x6b, 0xbf, 0xdb, 0xd7, 0xb4, 0x38, 0x21, 0x4c,
  0x40, 0x12, 0x22, 0x2a, 0x27, 0x52, 0xde, 0xe6, 0x44, 0xfa, 0x09, 0x15,
  0xf1, 0xf3, 0xf7, 0xee, 0x14, 0xbc, 0xf2, 0xe6, 0x2e, 0xc1, 0x66, 0x0e,
  0xf6, 0xf8, 0xd3, 0xe9, 0xca, 0xee, 0x18, 0x0b, 0xd9, 0x16, 0xe9, 0x0a,
  0x15, 0xd9, 0x63, 0xe4, 0x1d, 0x0a, 0xd5, 0x29, 0xe0, 0x19, 0xe0, 0xf7,
  0x2a, 0x2e, 0x26, 0xc2, 0x3c, 0x07, 0xc8, 0x14, 0xfb, 0x1a, 0xe6, 0x0a,
  0x22, 0xf7, 0x5e, 0x07, 0x27, 0xea, 0x49, 0x55, 0x1e, 0xc0, 0x2b, 0xff,
  0x1c, 0xdf, 0xbb, 0xbe, 0x2d, 0x0c, 0x51, 0xbe, 0xe8, 0xfd, 0xe4, 0xd7,
  0x46, 0x1b, 0xd6, 0x21, 0x23, 0x3e, 0x03, 0xef, 0x1d, 0x10, 0x30, 0x37,
  0xfd, 0xd5, 0x5b, 0x57, 0x53, 0xef, 0xb7, 0xe6, 0x4b, 0x26, 0x19, 0xc0,
  0x5a, 0xba, 0x36, 0xc5, 0xec, 0x31, 0xe7, 0x1b, 0x49, 0xe1, 0xe5, 0xdb,
  0x11, 0x1b, 0xbf, 0x58, 0xf4, 0x15, 0xc4, 0xd9, 0xf0, 0x5a, 0xce, 0x5c,
  0x61, 0x5f, 0x61, 0x54, 0xfb, 0xbd, 0x14, 0xe1, 0x6b, 0xbd, 0xed, 0x1f,
  0x24, 0x22, 0x0a, 0x37, 0x40, 0x6b, 0x60, 0xd8, 0xd5, 0x22, 0xc5, 0xfb,
  0x62, 0x50, 0x31, 0x13, 0xe0, 0x0c, 0x3b, 0x1e, 0x38, 0x7f, 0x65, 0x62,
  0x5a, 0xc2, 0xe0, 0xba, 0x07, 0x23, 0x21, 0xe9, 0x38, 0xef, 0xaa, 0xdc,
  0x53, 0x44, 0xd0, 0x15, 0xdc, 0xd7, 0x4c, 0xd4, 0xc6, 0x20, 0xfe, 0x50,
  0x65, 0x33, 0xd7, 0x3a, 0x53, 0x64, 0xe7, 0xd8, 0xd5, 0xa0, 0xd4, 0x21,
  0x37, 0x96, 0xb3, 0x42, 0x14, 0xfa, 0x15, 0xe4, 0xf0, 0xf8, 0xe7, 0x20,
  0xec, 0x02, 0x34, 0x2a, 0xf4, 0x66, 0x44, 0xf1, 0xe9, 0xd6, 0x47, 0x4a,
  0x11, 0x66, 0xdb, 0x05, 0x21, 0xc2, 0x10, 0xdc, 0xf1, 0x07, 0xb2, 0xfd,
  0x09, 0x30, 0xbf, 0xf9, 0xc6, 0xd4, 0xfd, 0x4e, 0xb6, 0x15, 0x58, 0xab,
  0x06, 0xf2, 0x95, 0x32, 0x09, 0x13, 0x0a, 0xd1, 0xf7, 0xb6, 0x2c, 0xb1,
  0xdc, 0x10, 0x9f, 0xfe, 0xc3, 0x00, 0xdb, 0x2d, 0xb4, 0x15, 0xfc, 0xd7,
  0x17, 0x13, 0x40, 0x35, 0xef, 0xbc, 0x2c, 0xe7, 0xf7, 0xac, 0x87, 0xff,
  0xa4, 0x14, 0x0a, 0xab, 0x3d, 0xf8, 0xce, 0xdf, 0xc3, 0xa5, 0x23, 0x25,
  0xa7, 0x4f, 0xca, 0x4c, 0x22, 0x4b, 0x32, 0xf2, 0x51, 0xa5, 0xed, 0xa5,
  0x05, 0x2c, 0xb1, 0x3d, 0xfc, 0xc5, 0x14, 0x39, 0x4a, 0xe8, 0xdd, 0x9c,
  0xd7, 0x48, 0xfe, 0xe3, 0xe0, 0xb6, 0x43, 0x49, 0xaa, 0x3d, 0xb4, 0x21,
  0x21, 0x25, 0x4c, 0xde, 0xf1, 0x24, 0xf8, 0x0d, 0xc1, 0x3a, 0xc6, 0x62,
  0xe6, 0xbf, 0xc2, 0xcd, 0xb9, 0xf1, 0x63, 0x0a, 0xde, 0xeb, 0xcd, 0x18,
  0xef, 0xc2, 0xc7, 0x5d, 0x81, 0xe5, 0x5d, 0x3b, 0xd2, 0xb2, 0x37, 0xee,
  0xd8, 0xe8, 0xc4, 0xed, 0xcd, 0xcb, 0x30, 0x36, 0x15, 0x9e, 0x09, 0xa2,
  0xeb, 0xf7, 0xe4, 0xc5, 0x18, 0x5b, 0xcb, 0xef, 0xc0, 0x5c, 0x34, 0xd4,
  0xd1, 0xc1, 0x07, 0xad, 0x43, 0xa2, 0xf0, 0xe2, 0x2e, 0x57, 0xfd, 0xa8,
  0xc2, 0x16, 0xc6, 0xf0, 0x2f, 0x08, 0x31, 0xcd, 0xe4, 0x04, 0x37, 0x0f,
  0xfe, 0xfb, 0x53, 0x9a, 0xaa, 0x12, 0x2e, 0x34, 0x14, 0xc5, 0x56, 0x45,
  0xf6, 0x96, 0x20, 0x14, 0xd7, 0x55, 0x50, 0xbc, 0x12, 0x09, 0x00, 0xe5,
  0xf3, 0x06, 0xef, 0x24, 0xf5, 0xbc, 0x5c, 0x37, 0x63, 0xd1, 0x54, 0x2a,
  0x24, 0x28, 0x36, 0xb9, 0x5e, 0xec, 0xb9, 0xcd, 0xa5, 0xca, 0xad, 0xcd,
  0xf7, 0x02, 0x2a, 0x22, 0x4f, 0x07, 0x0c, 0x38, 0x6a, 0xaf, 0xc5, 0x32,
  0xf6, 0x57, 0x33, 0xf6, 0x0c, 0x54, 0xee, 0x17, 0xdf, 0xec, 0x55, 0xb5,
  0xfd, 0xbc, 0xe3, 0xdc, 0x10, 0xe8, 0x0f, 0x2f, 0xaf, 0xba, 0xd6, 0xd9,
  0x58, 0x29, 0x1c, 0xd3, 0xd7, 0xc9, 0x3a, 0x45, 0x91, 0x69, 0x25, 0xea,
  0x4c, 0xc6, 0x90, 0x3b, 0x17, 0xdf, 0xe8, 0xf5, 0x04, 0xac, 0xee, 0xcc,
  0xef, 0xf0, 0xe1, 0x25, 0x41, 0x38, 0xf3, 0x1b, 0x19, 0x9d, 0xe1, 0x20,
  0xfe, 0xd9, 0xd4, 0x04, 0x0c, 0xf4, 0xfe, 0x26, 0x1e, 0xec, 0xf3, 0x4f,
  0xcf, 0x31, 0xd2, 0x38, 0x1d, 0xd3, 0xfb, 0x28, 0x74, 0x15, 0x4d, 0x04,
  0x54, 0x08, 0x4b, 0xfd, 0xfb, 0xbc, 0x24, 0xf4, 0x03, 0xe1, 0xdb, 0xd0,
  0x08, 0xe1, 0x26, 0xec, 0x35, 0x0e, 0xe1, 0xe8, 0xab, 0x4d, 0xf7, 0xc9,
  0x09, 0x3b, 0x39, 0x0b, 0xc9, 0x02, 0xae, 0xdd, 0x17, 0x21, 0x12, 0xe8,
  0x3a, 0xae, 0xfc, 0xb7, 0xec, 0x7f, 0x35, 0xc7, 0x0c, 0xdd, 0x0a, 0xe2,
  0xd0, 0xf4, 0x18, 0x0c, 0x54, 0xe0, 0xff, 0xdf, 0xb8, 0x65, 0x60, 0x2d,
  0x0e, 0xeb, 0x15, 0xf4, 0xfa, 0xc5, 0x0a, 0x25, 0x3d, 0x7b, 0x0d, 0x2c,
  0x3f, 0x25, 0xf4, 0xf8, 0x36, 0x2f, 0x2d, 0x08, 0x66, 0xe4, 0x1a, 0xe2,
  0x0f, 0x5d, 0x13, 0xf6, 0xfb, 0xcb, 0x00, 0x3d, 0x4a, 0xf4, 0x3d, 0x22,
  0x6e, 0x4d, 0xfd, 0x10, 0xac, 0x3f, 0xf7, 0x26, 0x0a, 0xf4, 0x05, 0xe3,
  0x66, 0xd2, 0x39, 0x50, 0x3f, 0x41, 0x43, 0xd8, 0xd7, 0x40, 0x26, 0x09,
  0xda, 0x4d, 0x30, 0x45, 0x36, 0xf0, 0x1f, 0x21, 0xaa, 0x59, 0xcf, 0x1f,
  0x45, 0x64, 0x1f, 0x02, 0x1a, 0x29, 0xa9, 0xfc, 0xed, 0x1a, 0xe1, 0x20,
  0xea, 0x3c, 0xe3, 0x07, 0x6c, 0x1a, 0xcb, 0xe4, 0xa2, 0x1c, 0xd6, 0x14,
  0x22, 0xe3, 0xc5, 0x0d, 0x2f, 0xb1, 0xd7, 0x04, 0x2e, 0x33, 0xf8, 0xc8,
  0xea, 0xed, 0xf5, 0x36, 0x52, 0xf0, 0xbf, 0xe5, 0x11, 0xd1, 0x2c, 0xd9,
  0x5f, 0xf4, 0x0f, 0xe7, 0xe4, 0xf4, 0x20, 0xe3, 0xfb, 0xb4, 0xdf, 0xd7,
  0x04, 0xbb, 0xc9, 0x37, 0xe5, 0xf1, 0xc8, 0x0f, 0x18, 0x08, 0xc5, 0x25,
  0x08, 0xe1, 0x30, 0xd7, 0xda, 0xd8, 0x14, 0xd5, 0x0e, 0xc4, 0x0c, 0xc2,
  0x76, 0xf2, 0xff, 0xff, 0x04, 0x00, 0x00, 0x00, 0x20, 0x00, 0x00, 0x00,
  0xc7, 0xfa, 0xff, 0xff, 0x20, 0x07, 0x00, 0x00, 0x94, 0x08, 0x00, 0x00,
  0x77, 0x0e, 0x00, 0x00, 0x0d, 0xfc, 0xff, 0xff, 0xa2, 0xfb, 0xff, 0xff,
  0x3e, 0x07, 0x00, 0x00, 0x76, 0x0c, 0x00, 0x00, 0xa2, 0xf2, 0xff, 0xff,
  0x04, 0x00, 0x00, 0x00, 0xc0, 0x03, 0x00, 0x00, 0x0b, 0x2a, 0x60, 0x4a,
  0x26, 0x1b, 0xbf, 0x0c, 0xfb, 0xe9, 0x36, 0xbb, 0xd3, 0x0e, 0x0d, 0x78,
  0xcb, 0x45, 0x0d, 0xe8, 0xe0, 0xfc, 0x1e, 0x0e, 0x19, 0x65, 0xb8, 0xfb,
  0xda, 0xa2, 0x4f, 0x7f, 0x3d, 0x49, 0xed, 0xb5, 0x9d, 0x3f, 0xcc, 0x17,
  0x15, 0x21, 0x44, 0xf9, 0xec, 0x2a, 0x07, 0x9f, 0x1f, 0xfb, 0x3a, 0xb9,
  0x7f, 0x25, 0xbc, 0xab, 0xfa, 0xe8, 0x0d, 0xa1, 0x44, 0x4f, 0xbe, 0x28,
  0x0e, 0xfc, 0xe8, 0xf9, 0x3e, 0xef, 0x40, 0x40, 0x5e, 0x36, 0xce, 0x12,
  0x68, 0x08, 0xe3, 0xda, 0xe8, 0xef, 0xe7, 0xc9, 0x52, 0x54, 0x52, 0x1e,
  0xd6, 0x04, 0x68, 0x3c, 0xb0, 0xf9, 0xff, 0x1c, 0x14, 0x6b, 0xcc, 0x4f,
  0xef, 0xb2, 0x4b, 0x34, 0xe2, 0x48, 0xca, 0x15, 0x2b, 0x1b, 0xfe, 0xef,
  0xdc, 0xce, 0x1a, 0xe1, 0x17, 0x9e, 0xb5, 0x27, 0x43, 0x1c, 0x32, 0xe4,
  0x0a, 0xaa, 0x44, 0x33, 0x26, 0x0b, 0xb7, 0x24, 0x07, 0x24, 0xbe, 0x34,
  0xe7, 0x1e, 0xf2, 0x28, 0xf1, 0xda, 0x40, 0xc3, 0xd2, 0x46, 0x10, 0xff,
  0xbb, 0x40, 0x4c, 0x60, 0x3e, 0x2e, 0xde, 0x12, 0xb5, 0x2e, 0x06, 0x1c,
  0x45, 0xf9, 0xbe, 0x39, 0x34, 0xdc, 0x1d, 0xb5, 0xe2, 0x1c, 0xea, 0xd3,
  0x2c, 0xb9, 0x3f, 0x5a, 0xec, 0x39, 0x47, 0x3a, 0x39, 0x30, 0x58, 0xd1,
  0xa0, 0xc2, 0x2c, 0x45, 0x14, 0x25, 0x02, 0xe3, 0xd8, 0x32, 0xf3, 0x5e,
  0xf2, 0x41, 0x53, 0x55, 0x30, 0x47, 0xad, 0xe0, 0x39, 0x08, 0xde, 0xda,
  0xee, 0xfe, 0xf4, 0xd8, 0xe3, 0xbc, 0xcc, 0xe8, 0x15, 0x02, 0xf4, 0xda,
  0xb6, 0xca, 0x04, 0x81, 0xd9, 0xdd, 0x20, 0xf0, 0x0b, 0x19, 0x37, 0x03,
  0x8d, 0x29, 0xc9, 0xcb, 0xda, 0xc3, 0xf6, 0x00, 0xc3, 0x2d, 0x1e, 0xc3,
  0xc5, 0xe3, 0xdd, 0x15, 0x1c, 0x0f, 0x1c, 0xfb, 0x1e, 0xc8, 0x21, 0x31,
  0xf6, 0xf5, 0x25, 0x4c, 0x06, 0xe2, 0x51, 0xf0, 0xdc, 0xd5, 0x54, 0xe0,
  0x68, 0xfc, 0xfa, 0xed, 0xcc, 0x32, 0x72, 0x1a, 0xbb, 0x4e, 0xfb, 0xd9,
  0xc2, 0x54, 0x2b, 0x31, 0xd2, 0xb0, 0xbf, 0x3b, 0xea, 0xce, 0x03, 0xd2,
  0x15, 0xf7, 0x66, 0x2e, 0x22, 0x3d, 0x25, 0x09, 0xe3, 0xac, 0xe3, 0x7f,
  0x89, 0x25, 0xe4, 0x33, 0xe9, 0x52, 0xfc, 0x60, 0xf0, 0x58, 0x1e, 0x45,
  0xc2, 0x25, 0x24, 0xd7, 0xa1, 0xa4, 0x43, 0xed, 0xe9, 0x63, 0x17, 0xee,
  0x9d, 0xc6, 0xd0, 0xdb, 0xf5, 0x99, 0xe7, 0xe9, 0xf6, 0xaa, 0xda, 0xfe,
  0xf7, 0xec, 0x25, 0xe5, 0x3f, 0xcc, 0xfe, 0x44, 0x31, 0xdb, 0x06, 0xa9,
  0xd9, 0xe8, 0xfd, 0xb6, 0x08, 0x03, 0xd5, 0x58, 0xbf, 0x81, 0xc6, 0xb1,
  0x58, 0x1a, 0xfe, 0x05, 0xc8, 0x5c, 0x31, 0xaf, 0xca, 0x09, 0xbb, 0xb3,
  0xdd, 0xdc, 0x0f, 0xf8, 0x5d, 0x18, 0xff, 0x43, 0x2c, 0xab, 0x03, 0xe3,
  0x3b, 0x9d, 0xcc, 0x06, 0x33, 0x28, 0x45, 0xc0, 0x06, 0xd8, 0x0b, 0xb1,
  0x5b, 0x5a, 0xb8, 0x30, 0xc3, 0x8d, 0x01, 0x11, 0x1d, 0xb1, 0x52, 0xe2,
  0x76, 0x6c, 0x12, 0xfc, 0x5b, 0x0c, 0xfb, 0x0c, 0xb6, 0x06, 0xa9, 0x9e,
  0x77, 0xa0, 0x36, 0xec, 0x65, 0x07, 0xe2, 0x2b, 0x1f, 0x47, 0xf1, 0x2b,
  0xad, 0xcf, 0xfd, 0xb5, 0xdd, 0xa6, 0x4d, 0x62, 0xd6, 0x6a, 0xf3, 0x53,
  0x35, 0xda, 0x22, 0xe0, 0x36, 0xef, 0x2f, 0x79, 0xab, 0x30, 0xb9, 0xf8,
  0x12, 0xc7, 0xea, 0x2f, 0xec, 0xc7, 0x33, 0x02, 0xad, 0x34, 0xf6, 0x5f,
  0xb2, 0xb1, 0x01, 0xee, 0xb2, 0xf9, 0xfb, 0x5d, 0xee, 0x34, 0x23, 0xc2,
  0x22, 0xf5, 0x3e, 0x34, 0xde, 0x17, 0x20, 0x3b, 0xf0, 0xd0, 0xb5, 0xef,
  0xcb, 0xe6, 0xde, 0xee, 0x00, 0x4d, 0xbc, 0x4a, 0x3d, 0x48, 0x48, 0x1e,
  0xe5, 0xc8, 0x46, 0x22, 0x42, 0xd8, 0xb8, 0x11, 0xa2, 0xb7, 0xf2, 0xe8,
  0x8f, 0x31, 0x1a, 0xfd, 0x5d, 0x0c, 0xe1, 0xea, 0x0d, 0xc3, 0xb4, 0xb1,
  0x96, 0x16, 0xde, 0xfb, 0x81, 0x5a, 0x15, 0xcd, 0x21, 0xed, 0x37, 0x58,
  0xc6, 0xfb, 0x2b, 0xd6, 0x39, 0x0a, 0xba, 0x31, 0x98, 0xc0, 0x65, 0x56,
  0xed, 0xb3, 0xf9, 0xac, 0x45, 0x04, 0x47, 0x02, 0xa9, 0xec, 0xc2, 0x2d,
  0x11, 0x1c, 0xac, 0x0d, 0x3a, 0x25, 0x34, 0x93, 0xb4, 0xb4, 0xb0, 0xf4,
  0xa4, 0xbe, 0x4a, 0xf4, 0x9e, 0x3e, 0xe0, 0xa8, 0xed, 0xb6, 0x40, 0xd6,
  0x0f, 0x43, 0xdd, 0xac, 0xaa, 0xf1, 0xb7, 0xc6, 0x2b, 0x31, 0xaf, 0xa6,
  0xc8, 0x04, 0xca, 0x02, 0x20, 0x17, 0x2d, 0x28, 0xbd, 0x31, 0x14, 0xfa,
  0xee, 0x33, 0xcb, 0x0a, 0x29, 0xf5, 0xdf, 0xc9, 0x1c, 0xbd, 0xd5, 0x33,
  0xd7, 0x1b, 0x19, 0x0d, 0xc8, 0x81, 0xde, 0xd5, 0x3a, 0x47, 0xe0, 0xe9,
  0xde, 0xd2, 0x24, 0x48, 0xd2, 0x28, 0x46, 0x18, 0xeb, 0xe8, 0x67, 0x3d,
  0x57, 0xef, 0x25, 0x60, 0x08, 0x27, 0x43, 0x28, 0xb4, 0xb6, 0xcb, 0x27,
  0x52, 0xf8, 0x02, 0xfb, 0x3f, 0x4a, 0x23, 0xe1, 0x08, 0xf0, 0x22, 0x52,
  0x3c, 0xc8, 0xf7, 0xc6, 0x22, 0x39, 0xc5, 0xfa, 0x1e, 0x1f, 0x11, 0xd0,
  0xd1, 0x47, 0x3d, 0x0f, 0x42, 0xb6, 0x1c, 0xcc, 0x3e, 0xeb, 0x2a, 0xe1,
  0xf7, 0xeb, 0xe8, 0x12, 0xd7, 0xe7, 0xd4, 0x36, 0x22, 0x08, 0x0c, 0xd0,
  0x19, 0xc7, 0x35, 0xd2, 0x1f, 0xca, 0x2d, 0xfb, 0xfc, 0xa1, 0x0f, 0x39,
  0xcf, 0xb9, 0xc7, 0x2e, 0x3b, 0x17, 0xbf, 0x48, 0xcf, 0xec, 0x3b, 0x67,
  0x19, 0xc7, 0x12, 0xd2, 0xbe, 0xdb, 0x1a, 0xc3, 0x1d, 0x3d, 0x5b, 0x5a,
  0x1c, 0x1e, 0xce, 0xd8, 0xf7, 0xeb, 0x41, 0xc1, 0xf5, 0xd2, 0xc1, 0xc7,
  0x12, 0x3d, 0x29, 0x37, 0x0d, 0xd3, 0x00, 0xfb, 0xa9, 0x12, 0xf7, 0xd2,
  0x40, 0xfe, 0x3a, 0xb8, 0x42, 0x64, 0x99, 0x16, 0xab, 0xd9, 0x13, 0x7f,
  0x0f, 0xd6, 0x09, 0x20, 0xf9, 0xc2, 0xcd, 0xac, 0x57, 0x1c, 0x23, 0x27,
  0x07, 0x40, 0xf2, 0xf5, 0xbb, 0x23, 0xbc, 0x22, 0xf5, 0x27, 0x2f, 0x26,
  0x42, 0x01, 0xf0, 0xb5, 0xd2, 0xd5, 0x27, 0x39, 0xdc, 0xaa, 0x07, 0xd2,
  0xd7, 0xf3, 0x27, 0xb0, 0xc1, 0xd6, 0x23, 0x10, 0x5c, 0xd3, 0xdf, 0x0c,
  0x16, 0x24, 0xda, 0x22, 0xc3, 0xc2, 0xd8, 0x2e, 0xbe, 0x3f, 0xe9, 0x03,
  0xf2, 0x4a, 0xdd, 0x37, 0xbf, 0x07, 0xb8, 0x07, 0x14, 0x23, 0x41, 0x81,
  0x48, 0xdd, 0x2c, 0xad, 0x2f, 0x4e, 0xf8, 0x07, 0x3b, 0x38, 0x02, 0xa9,
  0x54, 0x49, 0xc1, 0x10, 0x31, 0xbe, 0xe4, 0x42, 0xf7, 0x20, 0xaa, 0x1c,
  0x48, 0x08, 0xc7, 0xb2, 0x1d, 0xfd, 0x3d, 0x79, 0xed, 0xd3, 0x46, 0xf2,
  0x07, 0x09, 0xe0, 0x30, 0x71, 0x1d, 0xe3, 0xb3, 0x5e, 0x25, 0x11, 0x1c,
  0x0a, 0x21, 0x4b, 0x03, 0xd0, 0x39, 0xe6, 0xdc, 0x58, 0x3f, 0x0a, 0x14,
  0xdf, 0xc7, 0xa3, 0x2c, 0x3f, 0x40, 0x57, 0x1b, 0x03, 0x4e, 0xdc, 0x2d,
  0xa9, 0x11, 0xf8, 0xdd, 0xd7, 0xb9, 0x21, 0xd0, 0xc5, 0x32, 0x11, 0x22,
  0x20, 0xb9, 0x1d, 0x0a, 0x2c, 0xe2, 0xc6, 0x07, 0xb3, 0xdf, 0xab, 0x30,
  0x10, 0xb7, 0x37, 0x27, 0xf0, 0xd0, 0x15, 0xee, 0x6e, 0xf6, 0xff, 0xff,
  0x04, 0x00, 0x00, 0x00, 0x20, 0x00, 0x00, 0x00, 0xd1, 0x09, 0x00, 0x00,
  0x8b, 0xfe, 0xff, 0xff, 0xb1, 0x01, 0x00, 0x00, 0xe7, 0x0c, 0x00, 0x00,
  0x2f, 0xfa, 0xff, 0xff, 0x03, 0x07, 0x00, 0x00, 0x51, 0x00, 0x00, 0x00,
  0x88, 0x00, 0x00, 0x00, 0x9a, 0xf6, 0xff, 0xff, 0x04, 0x00, 0x00, 0x00,
  0xc0, 0x03, 0x00, 0x00, 0x11, 0xfc, 0x15, 0xb1, 0x2f, 0x37, 0xf7, 0xee,
  0xe4, 0xdc, 0x05, 0x4e, 0x10, 0xec, 0x13, 0x32, 0xd1, 0x0c, 0x1b, 0xee,
  0xeb, 0xe5, 0xe2, 0x1d, 0xa7, 0xe8, 0xf6, 0xe9, 0xe3, 0xda, 0x0a, 0x14,
  0x0b, 0xf6, 0x15, 0xe5, 0xc1, 0xe2, 0xd1, 0xd1, 0xde, 0xdd, 0xcf, 0xdb,
  0x0a, 0x09, 0x0b, 0xcf, 0xbb, 0xf3, 0xc4, 0xdd, 0x9f, 0xd5, 0xe4, 0x15,
  0x83, 0xd6, 0x0f, 0xd6, 0x22, 0xfd, 0xf2, 0x1d, 0x84, 0x2b, 0x1f, 0x11,
  0x31, 0x1c, 0x34, 0xe6, 0x81, 0x50, 0x45, 0xe9, 0x1b, 0x0e, 0x04, 0x1a,
  0xd7, 0x0f, 0x51, 0x2e, 0x01, 0x00, 0x14, 0xf0, 0x12, 0x0b, 0x18, 0x37,
  0xd1, 0xeb, 0xe4, 0x16, 0x0f, 0x2f, 0xf3, 0xda, 0x04, 0x27, 0xf5, 0xdf,
  0x1a, 0xdc, 0xb1, 0x14, 0x16, 0xdf, 0xf8, 0xef, 0xff, 0x0c, 0x07, 0x1d,
  0xe9, 0x08, 0x08, 0x0b, 0xea, 0x52, 0xcf, 0x0a, 0x0a, 0x18, 0x2c, 0xd3,
  0xd6, 0xd3, 0xd0, 0x4a, 0x3a, 0x43, 0xae, 0x08, 0x14, 0x11, 0xea, 0xa4,
  0x53, 0xee, 0x3e, 0xc8, 0xc2, 0x13, 0x41, 0x25, 0xef, 0xfa, 0x95, 0x22,
  0x57, 0x32, 0x1b, 0x2f, 0xf5, 0xbd, 0x1c, 0xfb, 0x18, 0xd9, 0xa2, 0x11,
  0x2e, 0x54, 0xc7, 0x2d, 0xbd, 0xe7, 0xe5, 0xcc, 0xc3, 0xbd, 0x0e, 0x61,
  0x28, 0x1c, 0xec, 0x13, 0x9b, 0x5d, 0x32, 0x09, 0xe9, 0xf3, 0xad, 0xc6,
  0x24, 0xbf, 0xb0, 0x4e, 0x4f, 0x1e, 0xf0, 0x6c, 0xf5, 0x54, 0xa5, 0x52,
  0x6e, 0xc6, 0xdf, 0x9e, 0x25, 0x0e, 0x2d, 0xb3, 0xe0, 0xc5, 0x87, 0xe6,
  0xf4, 0x40, 0x48, 0x17, 0x2e, 0x9a, 0x7f, 0x00, 0xdd, 0xc7, 0x44, 0xa2,
  0x05, 0xcd, 0xdf, 0x36, 0xa3, 0x24, 0xa0, 0xdc, 0x41, 0x57, 0xd2, 0xe8,
  0xdb, 0xce, 0xe8, 0x1b, 0x03, 0x1b, 0x17, 0xee, 0xe4, 0xe8, 0x10, 0x03,
  0x04, 0xec, 0xf1, 0xe5, 0xd9, 0xbd, 0xfc, 0xdf, 0x08, 0x10, 0xf0, 0xe7,
  0x2b, 0xe4, 0xf7, 0x12, 0x1d, 0x1a, 0xfa, 0xe0, 0xdf, 0x04, 0xf0, 0xdf,
  0x3d, 0xec, 0xe3, 0xd1, 0x2d, 0xd7, 0xfb, 0xec, 0xe5, 0xf5, 0xda, 0x0f,
  0xda, 0x31, 0xda, 0xfd, 0x0b, 0x13, 0x08, 0xf8, 0x24, 0x16, 0x0f, 0x05,
  0x13, 0xf4, 0x3e, 0x17, 0x3f, 0xda, 0x0b, 0x1a, 0xee, 0x01, 0x0a, 0xf2,
  0x10, 0xfd, 0x12, 0x38, 0x28, 0xeb, 0xe9, 0xdf, 0x81, 0x33, 0xce, 0x18,
  0x04, 0xf0, 0x25, 0xf0, 0xe5, 0x26, 0x27, 0x11, 0x07, 0x06, 0xfe, 0xe8,
  0xf4, 0xf9, 0x41, 0xf7, 0xdd, 0xea, 0xfb, 0x0b, 0xe2, 0xdb, 0x2a, 0x13,
  0x05, 0xe9, 0x0b, 0x20, 0xfe, 0x01, 0xea, 0xf5, 0x01, 0x14, 0x0b, 0xcf,
  0xfa, 0xed, 0xe5, 0xe9, 0xd6, 0x1e, 0xad, 0x22, 0x0d, 0x35, 0xd2, 0xed,
  0xf0, 0x2a, 0xce, 0x0e, 0xfd, 0xb9, 0xa0, 0xf7, 0xd1, 0x02, 0x32, 0x1a,
  0x08, 0x9b, 0x9b, 0x1f, 0xdd, 0xc5, 0xa2, 0xcf, 0x9d, 0x07, 0xfd, 0xf5,
  0xc5, 0x9e, 0x2e, 0x0d, 0xd4, 0x85, 0xf0, 0xf7, 0x1d, 0x12, 0x4b, 0xa3,
  0x48, 0x96, 0x1b, 0x27, 0x81, 0x47, 0x21, 0x00, 0xac, 0x32, 0x55, 0x05,
  0xe6, 0xf5, 0x29, 0xd0, 0xcf, 0x0d, 0x32, 0x0d, 0x1b, 0xd5, 0x37, 0x16,
  0xf5, 0x16, 0x4a, 0xb1, 0xb8, 0x1c, 0x7f, 0x2b, 0x53, 0x42, 0x00, 0xe5,
  0xab, 0x4e, 0xaf, 0x07, 0xeb, 0x1b, 0x35, 0x9b, 0x49, 0x10, 0xbe, 0xfe,
  0x09, 0x08, 0xdd, 0xdd, 0xa7, 0x27, 0xa8, 0x2f, 0x3b, 0xd8, 0x3b, 0x17,
  0x2a, 0xb6, 0x21, 0xd6, 0xfd, 0x36, 0xaa, 0xf4, 0x3b, 0xd4, 0x21, 0xd3,
  0xc7, 0xe7, 0xbc, 0x2a, 0x1d, 0x3b, 0x02, 0x0b, 0xc8, 0xda, 0x19, 0xeb,
  0x4b, 0xe6, 0x4d, 0xdb, 0xd6, 0x34, 0x54, 0xfe, 0xe3, 0x26, 0x2f, 0xa9,
  0x29, 0xaf, 0x45, 0xb0, 0xe8, 0x60, 0xef, 0xd9, 0x7a, 0xc6, 0x4d, 0xc4,
  0x61, 0x09, 0x13, 0xf9, 0x59, 0xf5, 0x5b, 0xc3, 0x02, 0x0a, 0xfb, 0xaa,
  0x08, 0x56, 0x1a, 0x1b, 0xac, 0xf3, 0x40, 0x1f, 0xf7, 0x13, 0xbe, 0x15,
  0xa8, 0x18, 0x48, 0xa1, 0x5e, 0x20, 0xdd, 0x5c, 0x81, 0x22, 0x46, 0x2c,
  0x2d, 0x7a, 0x57, 0xb5, 0xa1, 0xff, 0x1e, 0xb1, 0x48, 0x4a, 0x1e, 0xe0,
  0x47, 0x52, 0xe7, 0xc0, 0x52, 0x10, 0xca, 0xfb, 0x4f, 0x1c, 0x03, 0xee,
  0xfa, 0x59, 0x1a, 0x05, 0x14, 0x4f, 0x33, 0xc4, 0x34, 0xde, 0xdb, 0xcf,
  0x2c, 0x40, 0x9f, 0x3c, 0x16, 0xe8, 0x99, 0xc9, 0x17, 0x2e, 0xd8, 0x4f,
  0xde, 0x04, 0xb6, 0x20, 0xae, 0xb7, 0xff, 0x06, 0xdf, 0xf9, 0xfd, 0x1a,
  0xa7, 0x53, 0xc8, 0x49, 0xa4, 0x0a, 0x26, 0x07, 0x4e, 0x54, 0xd0, 0xfa,
  0xe0, 0xd9, 0x03, 0xa6, 0x23, 0x27, 0x4e, 0x30, 0x07, 0xe5, 0xbb, 0x1a,
  0xd0, 0x42, 0xe9, 0xdd, 0xfc, 0x24, 0xea, 0xfc, 0xe4, 0x2a, 0x6f, 0xc1,
  0xe4, 0x46, 0xf5, 0x01, 0xbf, 0xe8, 0x7d, 0xbc, 0xb6, 0x23, 0x72, 0x63,
  0xd1, 0x7c, 0x22, 0x8f, 0x6d, 0xd4, 0x7f, 0xf7, 0xfb, 0x32, 0x5d, 0xca,
  0x0b, 0xe5, 0x43, 0x35, 0x79, 0xe8, 0xb8, 0x2f, 0xc3, 0xd0, 0x14, 0x38,
  0x21, 0xc5, 0xe4, 0x39, 0xe6, 0xd2, 0x8f, 0x3b, 0xb7, 0xc1, 0x3d, 0xaf,
  0x52, 0xd7, 0xa8, 0x1f, 0xb2, 0xb2, 0x76, 0x34, 0x3c, 0x36, 0x52, 0x51,
  0x5f, 0x41, 0x43, 0x32, 0x42, 0xfb, 0x2f, 0xce, 0x2b, 0xd2, 0xf2, 0x20,
  0xe1, 0x09, 0xdd, 0xb8, 0x60, 0xa8, 0x15, 0xca, 0x1c, 0x4a, 0x5d, 0xc5,
  0x43, 0xa1, 0x2a, 0x34, 0x48, 0x03, 0x51, 0x9d, 0x2f, 0xf6, 0x18, 0x96,
  0x31, 0x5f, 0x46, 0xc8, 0x6c, 0xf6, 0x40, 0xd2, 0x07, 0x4a, 0x64, 0x2a,
  0x2d, 0xc7, 0x7e, 0xf1, 0xc5, 0xb2, 0x63, 0xcd, 0x39, 0x71, 0xe2, 0x26,
  0x07, 0xee, 0x0f, 0x95, 0xe7, 0xdf, 0x3a, 0x37, 0x6d, 0x34, 0x39, 0x5a,
  0x8f, 0x27, 0xde, 0x4e, 0x3b, 0xbd, 0x04, 0x05, 0xe7, 0xb8, 0x62, 0xe4,
  0x41, 0x7f, 0xfa, 0xf2, 0xfb, 0x3b, 0xae, 0xd7, 0x10, 0xc7, 0x01, 0xec,
  0x32, 0x5d, 0xd0, 0x16, 0x17, 0x5d, 0x26, 0x36, 0xed, 0x28, 0x45, 0x27,
  0xd5, 0x58, 0x56, 0x1d, 0xdb, 0x0a, 0x3d, 0xef, 0x15, 0xe6, 0x15, 0xea,
  0x21, 0x40, 0x51, 0x29, 0xbe, 0xa1, 0xf2, 0xe2, 0x3a, 0xcc, 0x85, 0xfa,
  0xbd, 0x17, 0xa8, 0x0d, 0xe2, 0xbc, 0x1c, 0xcb, 0xbd, 0x21, 0x3e, 0xd3,
  0xd5, 0x0b, 0xe2, 0xf2, 0x1a, 0x1a, 0x53, 0xfe, 0x18, 0xad, 0x0e, 0xe1,
  0x9d, 0x49, 0x14, 0x4e, 0xc6, 0x03, 0x4c, 0xf5, 0x1b, 0x36, 0x63, 0x33,
  0x39, 0xab, 0x10, 0xee, 0xf8, 0x56, 0xba, 0x3f, 0x18, 0x28, 0xca, 0x2d,
  0x7f, 0x1e, 0xe9, 0x5a, 0x54, 0x25, 0x26, 0x44, 0x03, 0x07, 0x34, 0xb7,
  0x50, 0x58, 0x4f, 0xed, 0xf6, 0xc3, 0x22, 0x40, 0x22, 0xdf, 0xc0, 0x04,
  0xe4, 0xcb, 0xd3, 0xd7, 0x38, 0xc4, 0x53, 0x22, 0xf4, 0xce, 0xe3, 0xf9,
  0x3b, 0xcf, 0xa7, 0xf1, 0xaf, 0x4f, 0x17, 0xe2, 0x0e, 0xde, 0xb4, 0xde,
  0x19, 0xc0, 0x53, 0x54, 0xfc, 0xbb, 0xdd, 0x25, 0x00, 0x0d, 0xdd, 0x4e,
  0xfa, 0x54, 0xfc, 0x5b, 0x10, 0xc5, 0x2c, 0x5b, 0xc4, 0xe3, 0x8b, 0xdf,
  0xfb, 0x02, 0x4c, 0x0d, 0x66, 0xfa, 0xff, 0xff, 0x04, 0x00, 0x00, 0x00,
  0x20, 0x00, 0x00, 0x00, 0xc8, 0x05, 0x00, 0x00, 0x8a, 0xfe, 0xff, 0xff,
  0xe0, 0xff, 0xff, 0xff, 0x0a, 0x09, 0x00, 0x00, 0xce, 0xfc, 0xff, 0xff,
  0x62, 0xf5, 0xff, 0xff, 0xf9, 0x09, 0x00, 0x00, 0xe7, 0x04, 0x00, 0x00,
  0x92, 0xfa, 0xff, 0xff, 0x04, 0x00, 0x00, 0x00, 0xc0, 0x03, 0x00, 0x00,
  0x9f, 0xff, 0x1c, 0x0c, 0x24, 0x16, 0xee, 0xda, 0x5e, 0x24, 0x06, 0xee,
  0xe4, 0xe7, 0xf6, 0x06, 0xab, 0x12, 0x0a, 0xda, 0x0c, 0xcb, 0xe1, 0x1f,
  0xa8, 0x2e, 0xd4, 0x29, 0xd9, 0xf6, 0x04, 0x03, 0x3b, 0xd9, 0xf8, 0x1a,
  0x1d, 0xe9, 0xd8, 0xf9, 0xd7, 0xff, 0xec, 0x22, 0x2b, 0xd4, 0xf7, 0x0a,
  0x7f, 0xe8, 0xef, 0xff, 0xf0, 0xde, 0x28, 0xe6, 0x46, 0x29, 0xde, 0x03,
  0x1c, 0xe6, 0x06, 0x08, 0xe7, 0x27, 0xff, 0xf0, 0xe0, 0xed, 0xee, 0xec,
  0x13, 0x35, 0x09, 0xfe, 0xf2, 0xd1, 0x30, 0x2c, 0xb7, 0xca, 0xd4, 0x01,
  0xe9, 0x2f, 0x21, 0xfc, 0x0b, 0x01, 0x4d, 0x15, 0x18, 0xdd, 0xe6, 0xe7,
  0x0b, 0x21, 0x5c, 0x09, 0x1b, 0xe0, 0x16, 0xeb, 0xf8, 0x0a, 0x1a, 0xf1,
  0x02, 0x33, 0x18, 0xe6, 0x0e, 0xe1, 0x1c, 0xd1, 0x0a, 0xf5, 0xe0, 0x01,
  0x22, 0x1c, 0x13, 0x19, 0xfa, 0xfc, 0xe6, 0x0f, 0x5a, 0xa1, 0x14, 0xee,
  0x06, 0xf0, 0xc6, 0x0f, 0x74, 0x05, 0x2e, 0x2d, 0xf9, 0x11, 0xf9, 0x03,
  0x5f, 0x1b, 0x60, 0x31, 0xd2, 0xd1, 0xce, 0xe6, 0x4b, 0x0d, 0x0c, 0xfc,
  0x06, 0x1e, 0xe4, 0x03, 0x81, 0xef, 0x37, 0xf0, 0xdf, 0x37, 0x07, 0x0a,
  0x17, 0xff, 0x0b, 0xe5, 0x1d, 0xf8, 0xe5, 0xf0, 0x12, 0xe9, 0x4b, 0xea,
  0xf3, 0xea, 0xd7, 0x1b, 0xb9, 0x03, 0xe3, 0x18, 0xfb, 0x24, 0x1a, 0x25,
  0xbf, 0x0b, 0xfe, 0x14, 0xb6, 0xe4, 0xbc, 0xfd, 0xdd, 0x0a, 0x19, 0x14,
  0xf2, 0xfb, 0xf6, 0xeb, 0xf5, 0x17, 0xe2, 0xd6, 0x30, 0xe2, 0xde, 0x25,
  0xec, 0x31, 0xf0, 0xf8, 0xfa, 0x25, 0xfe, 0xdb, 0xcd, 0x36, 0xe8, 0x1d,
  0x0a, 0xdb, 0xd6, 0xea, 0xfd, 0xd4, 0x09, 0x15, 0x2b, 0xfb, 0x16, 0xe7,
  0xd5, 0x00, 0xf2, 0x26, 0x12, 0x0e, 0x1b, 0x01, 0xa5, 0xda, 0x05, 0xf5,
  0x23, 0x31, 0x07, 0x07, 0x20, 0x14, 0xdc, 0x33, 0x29, 0x2d, 0x0f, 0x24,
  0xc8, 0x18, 0xf5, 0x28, 0xf9, 0xe8, 0x16, 0xde, 0x3c, 0xcf, 0xf7, 0x10,
  0xe7, 0x13, 0x11, 0x10, 0x3e, 0xe0, 0xee, 0x35, 0x0d, 0x0c, 0xf5, 0xd5,
  0x7f, 0xf1, 0x1e, 0x07, 0x24, 0x18, 0x05, 0xf6, 0x4e, 0xef, 0x13, 0x0a,
  0xe2, 0xfb, 0x1d, 0xfc, 0x7b, 0xff, 0xec, 0xed, 0x2f, 0xea, 0xf7, 0xff,
  0x60, 0x0e, 0xed, 0xf2, 0x02, 0x12, 0x1f, 0x12, 0x32, 0x00, 0x0d, 0x07,
  0x23, 0xda, 0x13, 0xea, 0x42, 0xdd, 0xd6, 0x06, 0x08, 0xd6, 0xd9, 0x1a,
  0xde, 0xff, 0xfe, 0xfe, 0x0d, 0xe8, 0xda, 0x1c, 0xee, 0xbf, 0x13, 0xe4,
  0x06, 0x01, 0x17, 0x01, 0xe4, 0x16, 0x2b, 0xed, 0xe3, 0xed, 0xdc, 0x00,
  0xcf, 0x09, 0x23, 0xf4, 0x16, 0x14, 0x1f, 0x14, 0x2d, 0xf9, 0x0e, 0x10,
  0xd6, 0x0b, 0xfd, 0x07, 0x13, 0x16, 0x23, 0xd7, 0x21, 0x31, 0xe8, 0x16,
  0x13, 0xe6, 0xc2, 0x1c, 0xef, 0x08, 0x0f, 0x04, 0x3b, 0xfb, 0xf7, 0xf4,
  0x05, 0x04, 0xe6, 0x1b, 0xda, 0x1a, 0xf3, 0xf9, 0x13, 0x2c, 0xf0, 0x05,
  0xc9, 0xf5, 0x26, 0xfd, 0xf3, 0xf9, 0x01, 0x1e, 0x0b, 0xf4, 0x2e, 0xfe,
  0xce, 0x1f, 0x08, 0xef, 0xda, 0x03, 0x1f, 0xea, 0xe2, 0xf5, 0x10, 0xf7,
  0x65, 0x0c, 0x08, 0x43, 0x14, 0x11, 0xf6, 0x02, 0x04, 0x29, 0xe8, 0x31,
  0x22, 0x0b, 0x18, 0xe1, 0x53, 0xd1, 0xd8, 0x0f, 0x06, 0x13, 0xe7, 0xfa,
  0x7f, 0x09, 0xf4, 0x25, 0x30, 0x1a, 0xd4, 0xcc, 0x55, 0x05, 0xdb, 0xf7,
  0x25, 0xfb, 0x11, 0xd8, 0x70, 0x07, 0xef, 0x00, 0x1c, 0x06, 0xe8, 0xe0,
  0x93, 0xf2, 0x01, 0x0f, 0x10, 0x24, 0xe2, 0xf0, 0x97, 0xda, 0xf5, 0xe9,
  0x27, 0xf9, 0xdb, 0xff, 0xe2, 0xf6, 0xe2, 0x0b, 0x29, 0xf1, 0x15, 0x0e,
  0xb7, 0x04, 0xed, 0xf8, 0xf8, 0x25, 0x14, 0xc8, 0xed, 0xdc, 0x05, 0x1c,
  0x26, 0x1f, 0xe0, 0x14, 0xea, 0xed, 0x10, 0xf1, 0x0e, 0x0b, 0x04, 0xe8,
  0x7f, 0xed, 0x1e, 0x11, 0x1a, 0x10, 0xf6, 0xd5, 0x5b, 0xf5, 0x0d, 0x2d,
  0x01, 0x04, 0xea, 0xfb, 0x5a, 0x09, 0x14, 0xe4, 0xe5, 0xf9, 0x0b, 0x08,
  0xfe, 0x09, 0x00, 0x03, 0xe5, 0x08, 0x26, 0x0a, 0xf3, 0x11, 0x0c, 0x1d,
  0x15, 0xf7, 0x00, 0xe9, 0xec, 0xcf, 0x0c, 0x23, 0x1f, 0x0f, 0x25, 0xdd,
  0x06, 0xf6, 0x19, 0x1c, 0x18, 0x10, 0x26, 0xdc, 0x15, 0xd0, 0x20, 0x1b,
  0xdb, 0x11, 0x16, 0xde, 0xfd, 0xff, 0x13, 0x23, 0xee, 0xfb, 0xe6, 0x0e,
  0xcc, 0xfd, 0x13, 0x00, 0xe0, 0x13, 0x06, 0xe9, 0x63, 0x12, 0x18, 0xa9,
  0xef, 0xee, 0x23, 0x1b, 0xfc, 0xfa, 0x28, 0x1a, 0xe9, 0x10, 0x05, 0xed,
  0xeb, 0x02, 0xee, 0xda, 0x01, 0x03, 0xf9, 0x0d, 0xe8, 0x15, 0x05, 0x00,
  0x05, 0x05, 0xf1, 0xf4, 0xaf, 0xe5, 0xf8, 0x29, 0xd2, 0xf0, 0x01, 0xef,
  0x7f, 0xf2, 0xe9, 0xf9, 0x21, 0x18, 0x05, 0xf0, 0xf4, 0xf7, 0x0b, 0x32,
  0xeb, 0xfb, 0x11, 0xe3, 0x24, 0xe3, 0x24, 0x0a, 0x0f, 0xd6, 0xea, 0xfb,
  0xdd, 0xfe, 0x1b, 0x3c, 0xee, 0x1d, 0xf5, 0x1b, 0xf9, 0x0f, 0x0f, 0xfd,
  0xef, 0x13, 0x15, 0xfd, 0x14, 0x04, 0x2c, 0x35, 0xf4, 0x06, 0x0d, 0x19,
  0x0f, 0x18, 0x32, 0xf6, 0x0e, 0xf6, 0x0c, 0xfa, 0x17, 0x0c, 0xfa, 0x0b,
  0xff, 0x15, 0xfb, 0xe1, 0x17, 0x09, 0x25, 0x05, 0xe3, 0x0a, 0x03, 0xeb,
  0xf3, 0x05, 0xd3, 0xd5, 0x1d, 0x0b, 0x0c, 0xd6, 0xc1, 0x34, 0xf9, 0xdd,
  0x17, 0x24, 0x1c, 0xed, 0xe5, 0x14, 0x10, 0xf1, 0x2a, 0x32, 0xd8, 0x16,
  0xb8, 0xeb, 0xe0, 0x13, 0x0a, 0xfd, 0x27, 0x0f, 0xd6, 0xf6, 0xd9, 0x29,
  0x37, 0xf0, 0x00, 0xd2, 0x81, 0xda, 0xf3, 0x15, 0x10, 0xdd, 0x37, 0x05,
  0x47, 0x13, 0x0e, 0x16, 0x1f, 0xf7, 0x10, 0xdc, 0x22, 0xee, 0x25, 0xfb,
  0x22, 0xe8, 0x11, 0xfc, 0xcc, 0xde, 0x1e, 0xf2, 0x19, 0xc4, 0xde, 0x37,
  0x3c, 0xd1, 0x4c, 0x10, 0xe2, 0x01, 0x17, 0x32, 0x0d, 0xfa, 0x26, 0xee,
  0x1e, 0xf7, 0x28, 0x17, 0xcf, 0xf6, 0x1c, 0x1c, 0x10, 0x1e, 0x30, 0x06,
  0x08, 0x2c, 0x34, 0x28, 0x14, 0xd6, 0xe0, 0x1a, 0x08, 0x18, 0xf9, 0xee,
  0x00, 0xee, 0xe6, 0x0e, 0x13, 0x0a, 0x12, 0x12, 0x16, 0xe1, 0xdb, 0xd7,
  0x51, 0x27, 0x02, 0x01, 0xda, 0xd8, 0xd0, 0x45, 0x18, 0xf8, 0x31, 0x49,
  0xe7, 0xe4, 0xce, 0x30, 0x5c, 0x1f, 0x4c, 0x2c, 0xcb, 0x1d, 0xd3, 0xf7,
  0x3f, 0x47, 0x32, 0x37, 0xea, 0x41, 0xc3, 0x26, 0x19, 0xda, 0xf8, 0xcb,
  0xf0, 0x44, 0x2b, 0xd4, 0xfd, 0x4b, 0xe4, 0xd6, 0x25, 0xdf, 0xbd, 0x4a,
  0xe8, 0x5e, 0x2b, 0x55, 0xd0, 0x52, 0xe0, 0xea, 0x10, 0x5e, 0xa4, 0xd9,
  0x24, 0x1e, 0xb5, 0x1a, 0x81, 0xf3, 0xac, 0x45, 0x3e, 0xdb, 0x39, 0x07,
  0xbb, 0x2e, 0xfe, 0x15, 0xd3, 0xd7, 0x03, 0x01, 0x94, 0x29, 0x1b, 0x1e,
  0x15, 0xca, 0xdf, 0x3a, 0x08, 0xf9, 0x38, 0xd2, 0xde, 0x38, 0x41, 0xe3,
  0x4e, 0x10, 0x0d, 0x03, 0xd9, 0x35, 0xd0, 0xf3, 0xeb, 0x08, 0x02, 0xd0,
  0xec, 0xdf, 0x1f, 0x08, 0xee, 0xf6, 0x58, 0x1a, 0xe2, 0xed, 0x2c, 0xcb,
  0x5e, 0xfe, 0xff, 0xff, 0x04, 0x00, 0x00, 0x00, 0x20, 0x00, 0x00, 0x00,
  0xf4, 0xfd, 0xff, 0xff, 0x07, 0x04, 0x00, 0x00, 0x19, 0xff, 0xff, 0xff,
  0xf2, 0x00, 0x00, 0x00, 0xdd, 0x01, 0x00, 0x00, 0x28, 0x00, 0x00, 0x00,
  0x1c, 0xff, 0xff, 0xff, 0x27, 0x03, 0x00, 0x00, 0x8a, 0xfe, 0xff, 0xff,
  0x04, 0x00, 0x00, 0x00, 0x78, 0x00, 0x00, 0x00, 0xf4, 0x1c, 0x05, 0xd6,
  0xf1, 0xb3, 0x26, 0xc7, 0xe7, 0xd2, 0x47, 0xfe, 0x1c, 0xa8, 0x54, 0xc7,
  0xb9, 0x17, 0x06, 0xe5, 0x44, 0xb4, 0xfc, 0xfc, 0x9a, 0xb2, 0xf2, 0x3d,
  0x2a, 0x17, 0x4e, 0x8f, 0xdd, 0x06, 0x4a, 0xe4, 0x14, 0x59, 0x7f, 0xa9,
  0x35, 0xbf, 0xa9, 0xd1, 0x3a, 0x57, 0x75, 0xd6, 0x5b, 0x29, 0x12, 0x31,
  0x36, 0x61, 0x64, 0xbf, 0xf4, 0xfd, 0x3b, 0xad, 0x53, 0x65, 0x25, 0xe1,
  0x16, 0x8d, 0x21, 0x93, 0x11, 0x0e, 0xd9, 0xfb, 0xf7, 0xe5, 0x48, 0xeb,
  0x3b, 0x17, 0xff, 0xd2, 0xe6, 0xb2, 0x3a, 0x38, 0xcc, 0xdd, 0x40, 0xf2,
  0x0a, 0xc1, 0x1e, 0xdb, 0x11, 0xcf, 0xb2, 0x93, 0xd2, 0xfa, 0x1c, 0x19,
  0xf7, 0xfc, 0xf4, 0x2b, 0xaf, 0x2d, 0xb7, 0x4d, 0x40, 0xda, 0xc2, 0x13,
  0xb0, 0xed, 0xc5, 0x38, 0x0d, 0x24, 0xc1, 0xa7, 0x64, 0xcf, 0xff, 0xff,
  0x12, 0xff, 0xff, 0xff, 0x04, 0x00, 0x00, 0x00, 0x01, 0x00, 0x00, 0x00,
  0x80, 0x00, 0x00, 0x00, 0x22, 0xff, 0xff, 0xff, 0x04, 0x00, 0x00, 0x00,
  0x0c, 0x00, 0x00, 0x00, 0xff, 0xff, 0xff, 0xff, 0x68, 0x01, 0x00, 0x00,
  0x01, 0x00, 0x00, 0x00, 0x3a, 0xff, 0xff, 0xff, 0x04, 0x00, 0x00, 0x00,
  0x0c, 0x00, 0x00, 0x00, 0xff, 0xff, 0xff, 0xff, 0x68, 0x01, 0x00, 0x00,
  0x08, 0x00, 0x00, 0x00, 0x52, 0xff, 0xff, 0xff, 0x04, 0x00, 0x00, 0x00,
  0x08, 0x00, 0x00, 0x00, 0x68, 0x01, 0x00, 0x00, 0x08, 0x00, 0x00, 0x00,
  0x66, 0xff, 0xff, 0xff, 0x04, 0x00, 0x00, 0x00, 0x08, 0x00, 0x00, 0x00,
  0xb4, 0x00, 0x00, 0x00, 0x08, 0x00, 0x00, 0x00, 0xd0, 0xcf, 0xff, 0xff,
  0x7e, 0xff, 0xff, 0xff, 0x04, 0x00, 0x00, 0x00, 0x04, 0x00, 0x00, 0x00,
  0x00, 0x00, 0x00, 0x00, 0x8e, 0xff, 0xff, 0xff, 0x04, 0x00, 0x00, 0x00,
  0x0c, 0x00, 0x00, 0x00, 0xff, 0xff, 0xff, 0xff, 0x5a, 0x00, 0x00, 0x00,
  0x08, 0x00, 0x00, 0x00, 0xa6, 0xff, 0xff, 0xff, 0x04, 0x00, 0x00, 0x00,
  0x0c, 0x00, 0x00, 0x00, 0xff, 0xff, 0xff, 0xff, 0xb4, 0x00, 0x00, 0x00,
  0x08, 0x00, 0x00, 0x00, 0xbe, 0xff, 0xff, 0xff, 0x04, 0x00, 0x00, 0x00,
  0x0c, 0x00, 0x00, 0x00, 0xff, 0xff, 0xff, 0xff, 0xb4, 0x00, 0x00, 0x00,
  0x10, 0x00, 0x00, 0x00, 0xd6, 0xff, 0xff, 0xff, 0x04, 0x00, 0x00, 0x00,
  0x04, 0x00, 0x00, 0x00, 0x01, 0x00, 0x00, 0x00, 0xe6, 0xff, 0xff, 0xff,
  0x04, 0x00, 0x00, 0x00, 0x0c, 0x00, 0x00, 0x00, 0xff, 0xff, 0xff, 0xff,
  0x68, 0x01, 0x00, 0x00, 0x10, 0x00, 0x00, 0x00, 0x00, 0x00, 0x06, 0x00,
  0x08, 0x00, 0x04, 0x00, 0x06, 0x00, 0x00, 0x00, 0x04, 0x00, 0x00, 0x00,
  0x04, 0x00, 0x00, 0x00, 0xfd, 0xff, 0xff, 0xff, 0x6c, 0xd0, 0xff, 0xff,
  0x70, 0xd0, 0xff, 0xff, 0x0f, 0x00, 0x00, 0x00, 0x4d, 0x4c, 0x49, 0x52,
  0x20, 0x43, 0x6f, 0x6e, 0x76, 0x65, 0x72, 0x74, 0x65, 0x64, 0x2e, 0x00,
  0x01, 0x00, 0x00, 0x00, 0x14, 0x00, 0x00, 0x00, 0x00, 0x00, 0x0e, 0x00,
  0x18, 0x00, 0x14, 0x00, 0x10, 0x00, 0x0c, 0x00, 0x08, 0x00, 0x04, 0x00,
  0x0e, 0x00, 0x00, 0x00, 0x14, 0x00, 0x00, 0x00, 0x1c, 0x00, 0x00, 0x00,
  0x58, 0x07, 0x00, 0x00, 0x5c, 0x07, 0x00, 0x00, 0x60, 0x07, 0x00, 0x00,
  0x04, 0x00, 0x00, 0x00, 0x6d, 0x61, 0x69, 0x6e, 0x00, 0x00, 0x00, 0x00,
  0x21, 0x00, 0x00, 0x00, 0x10, 0x07, 0x00, 0x00, 0xb0, 0x06, 0x00, 0x00,
  0x78, 0x06, 0x00, 0x00, 0x3c, 0x06, 0x00, 0x00, 0xe8, 0x05, 0x00, 0x00,
  0xb0, 0x05, 0x00, 0x00, 0x80, 0x05, 0x00, 0x00, 0x3c, 0x05, 0x00, 0x00,
  0x14, 0x05, 0x00, 0x00, 0xe4, 0x04, 0x00, 0x00, 0xa0, 0x04, 0x00, 0x00,
  0x78, 0x04, 0x00, 0x00, 0x3c, 0x04, 0x00, 0x00, 0xec, 0x03, 0x00, 0x00,
  0xc4, 0x03, 0x00, 0x00, 0x8c, 0x03, 0x00, 0x00, 0x5c, 0x03, 0x00, 0x00,
  0x14, 0x03, 0x00, 0x00, 0xec, 0x02, 0x00, 0x00, 0xbc, 0x02, 0x00, 0x00,
  0x78, 0x02, 0x00, 0x00, 0x50, 0x02, 0x00, 0x00, 0x1c, 0x02, 0x00, 0x00,
  0xdc, 0x01, 0x00, 0x00, 0xb4, 0x01, 0x00, 0x00, 0x7c, 0x01, 0x00, 0x00,
  0x4c, 0x01, 0x00, 0x00, 0x04, 0x01, 0x00, 0x00, 0xdc, 0x00, 0x00, 0x00,
  0xac, 0x00, 0x00, 0x00, 0x60, 0x00, 0x00, 0x00, 0x38, 0x00, 0x00, 0x00,
  0x04, 0x00, 0x00, 0x00, 0xde, 0xf9, 0xff, 0xff, 0x14, 0x00, 0x00, 0x00,
  0x00, 0x00, 0x00, 0x0b, 0x10, 0x00, 0x00, 0x00, 0x14, 0x00, 0x00, 0x00,
  0x08, 0x00, 0x00, 0x00, 0x64, 0xd1, 0xff, 0xff, 0x01, 0x00, 0x00, 0x00,
  0x3a, 0x00, 0x00, 0x00, 0x02, 0x00, 0x00, 0x00, 0x39, 0x00, 0x00, 0x00,
  0x0d, 0x00, 0x00, 0x00, 0x3e, 0xfa, 0xff, 0xff, 0x0c, 0x00, 0x00, 0x00,
  0x10, 0x00, 0x00, 0x00, 0x02, 0x00, 0x00, 0x00, 0x01, 0x00, 0x00, 0x00,
  0x39, 0x00, 0x00, 0x00, 0x02, 0x00, 0x00, 0x00, 0x38, 0x00, 0x00, 0x00,
  0x0c, 0x00, 0x00, 0x00, 0xee, 0xfa, 0xff, 0xff, 0x20, 0x00, 0x00, 0x00,
  0x00, 0x00, 0x00, 0x01, 0x24, 0x00, 0x00, 0x00, 0x28, 0x00, 0x00, 0x00,
  0x01, 0x00, 0x00, 0x00, 0x00, 0x00, 0x0a, 0x00, 0x0c, 0x00, 0x00, 0x00,
  0x08, 0x00, 0x04, 0x00, 0x0a, 0x00, 0x00, 0x00, 0x01, 0x00, 0x00, 0x00,
  0x01, 0x00, 0x00, 0x00, 0x01, 0x00, 0x00, 0x00, 0x38, 0x00, 0x00, 0x00,
  0x03, 0x00, 0x00, 0x00, 0x37, 0x00, 0x00, 0x00, 0x0f, 0x00, 0x00, 0x00,
  0x0e, 0x00, 0x00, 0x00, 0x1e, 0xfa, 0xff, 0xff, 0x10, 0x00, 0x00, 0x00,
  0x00, 0x00, 0x00, 0x34, 0x0c, 0x00, 0x00, 0x00, 0x10, 0x00, 0x00, 0x00,
  0xfc, 0xd1, 0xff, 0xff, 0x01, 0x00, 0x00, 0x00, 0x37, 0x00, 0x00, 0x00,
  0x02, 0x00, 0x00, 0x00, 0x36, 0x00, 0x00, 0x00, 0x01, 0x00, 0x00, 0x00,
  0xd6, 0xfa, 0xff, 0xff, 0x0c, 0x00, 0x00, 0x00, 0x10, 0x00, 0x00, 0x00,
  0x02, 0x00, 0x00, 0x00, 0x01, 0x00, 0x00, 0x00, 0x36, 0x00, 0x00, 0x00,
  0x02, 0x00, 0x00, 0x00, 0x35, 0x00, 0x00, 0x00, 0x0b, 0x00, 0x00, 0x00,
  0xca, 0xfa, 0xff, 0xff, 0x14, 0x00, 0x00, 0x00, 0x00, 0x00, 0x00, 0x31,
  0x1c, 0x00, 0x00, 0x00, 0x20, 0x00, 0x00, 0x00, 0x07, 0x00, 0x00, 0x00,
  0xbc, 0xfa, 0xff, 0xff, 0x00, 0x00, 0x00, 0x01, 0x01, 0x00, 0x00, 0x00,
  0x02, 0x00, 0x00, 0x00, 0x01, 0x00, 0x00, 0x00, 0x35, 0x00, 0x00, 0x00,
  0x04, 0x00, 0x00, 0x00, 0x33, 0x00, 0x00, 0x00, 0x11, 0x00, 0x00, 0x00,
  0x34, 0x00, 0x00, 0x00, 0x10, 0x00, 0x00, 0x00, 0xb2, 0xfa, 0xff, 0xff,
  0x10, 0x00, 0x00, 0x00, 0x00, 0x00, 0x00, 0x34, 0x0c, 0x00, 0x00, 0x00,
  0x10, 0x00, 0x00, 0x00, 0x90, 0xd2, 0xff, 0xff, 0x01, 0x00, 0x00, 0x00,
  0x34, 0x00, 0x00, 0x00, 0x02, 0x00, 0x00, 0x00, 0x2f, 0x00, 0x00, 0x00,
  0x03, 0x00, 0x00, 0x00, 0x3a, 0xfb, 0xff, 0xff, 0x14, 0x00, 0x00, 0x00,
  0x00, 0x00, 0x00, 0x0a, 0x10, 0x00, 0x00, 0x00, 0x14, 0x00, 0x00, 0x00,
  0x06, 0x00, 0x00, 0x00, 0xc0, 0xd2, 0xff, 0xff, 0x01, 0x00, 0x00, 0x00,
  0x33, 0x00, 0x00, 0x00, 0x03, 0x00, 0x00, 0x00, 0x32, 0x00, 0x00, 0x00,
  0x08, 0x00, 0x00, 0x00, 0x0a, 0x00, 0x00, 0x00, 0x9e, 0xfb, 0xff, 0xff,
  0x0c, 0x00, 0x00, 0x00, 0x10, 0x00, 0x00, 0x00, 0x02, 0x00, 0x00, 0x00,
  0x01, 0x00, 0x00, 0x00, 0x32, 0x00, 0x00, 0x00, 0x02, 0x00, 0x00, 0x00,
  0x31, 0x00, 0x00, 0x00, 0x08, 0x00, 0x00, 0x00, 0x92, 0xfb, 0xff, 0xff,
  0x14, 0x00, 0x00, 0x00, 0x00, 0x00, 0x00, 0x20, 0x14, 0x00, 0x00, 0x00,
  0x18, 0x00, 0x00, 0x00, 0x05, 0x00, 0x00, 0x00, 0x16, 0xfe, 0xff, 0xff,
  0x01, 0x00, 0x00, 0x00, 0x01, 0x00, 0x00, 0x00, 0x31, 0x00, 0x00, 0x00,
  0x04, 0x00, 0x00, 0x00, 0x30, 0x00, 0x00, 0x00, 0x07, 0x00, 0x00, 0x00,
  0x08, 0x00, 0x00, 0x00, 0x08, 0x00, 0x00, 0x00, 0xce, 0xfb, 0xff, 0xff,
  0x14, 0x00, 0x00, 0x00, 0x00, 0x00, 0x00, 0x37, 0x14, 0x00, 0x00, 0x00,
  0x18, 0x00, 0x00, 0x00, 0x04, 0x00, 0x00, 0x00, 0x06, 0xfe, 0xff, 0xff,
  0x00, 0x00, 0x00, 0x02, 0x01, 0x00, 0x00, 0x00, 0x30, 0x00, 0x00, 0x00,
  0x01, 0x00, 0x00, 0x00, 0x2f, 0x00, 0x00, 0x00, 0x2e, 0xfc, 0xff, 0xff,
  0x0c, 0x00, 0x00, 0x00, 0x10, 0x00, 0x00, 0x00, 0x02, 0x00, 0x00, 0x00,
  0x01, 0x00, 0x00, 0x00, 0x2f, 0x00, 0x00, 0x00, 0x02, 0x00, 0x00, 0x00,
  0x2e, 0x00, 0x00, 0x00, 0x05, 0x00, 0x00, 0x00, 0x22, 0xfc, 0xff, 0xff,
  0x14, 0x00, 0x00, 0x00, 0x00, 0x00, 0x00, 0x01, 0x1c, 0x00, 0x00, 0x00,
  0x20, 0x00, 0x00, 0x00, 0x01, 0x00, 0x00, 0x00, 0x14, 0xfc, 0xff, 0xff,
  0x00, 0x00, 0x00, 0x01, 0x01, 0x00, 0x00, 0x00, 0x01, 0x00, 0x00, 0x00,
  0x01, 0x00, 0x00, 0x00, 0x2e, 0x00, 0x00, 0x00, 0x03, 0x00, 0x00, 0x00,
  0x2d, 0x00, 0x00, 0x00, 0x13, 0x00, 0x00, 0x00, 0x12, 0x00, 0x00, 0x00,
  0x06, 0xfc, 0xff, 0xff, 0x10, 0x00, 0x00, 0x00, 0x00, 0x00, 0x00, 0x34,
  0x0c, 0x00, 0x00, 0x00, 0x10, 0x00, 0x00, 0x00, 0xe4, 0xd3, 0xff, 0xff,
  0x01, 0x00, 0x00, 0x00, 0x2d, 0x00, 0x00, 0x00, 0x02, 0x00, 0x00, 0x00,
  0x2c, 0x00, 0x00, 0x00, 0x01, 0x00, 0x00, 0x00, 0xbe, 0xfc, 0xff, 0xff,
  0x0c, 0x00, 0x00, 0x00, 0x10, 0x00, 0x00, 0x00, 0x02, 0x00, 0x00, 0x00,
  0x01, 0x00, 0x00, 0x00, 0x2c, 0x00, 0x00, 0x00, 0x02, 0x00, 0x00, 0x00,
  0x2b, 0x00, 0x00, 0x00, 0x05, 0x00, 0x00, 0x00, 0xb2, 0xfc, 0xff, 0xff,
  0x14, 0x00, 0x00, 0x00, 0x00, 0x00, 0x00, 0x31, 0x1c, 0x00, 0x00, 0x00,
  0x20, 0x00, 0x00, 0x00, 0x07, 0x00, 0x00, 0x00, 0xa4, 0xfc, 0xff, 0xff,
  0x00, 0x00, 0x00, 0x01, 0x01, 0x00, 0x00, 0x00, 0x02, 0x00, 0x00, 0x00,
  0x01, 0x00, 0x00, 0x00, 0x2b, 0x00, 0x00, 0x00, 0x04, 0x00, 0x00, 0x00,
  0x29, 0x00, 0x00, 0x00, 0x15, 0x00, 0x00, 0x00, 0x2a, 0x00, 0x00, 0x00,
  0x14, 0x00, 0x00, 0x00, 0x9a, 0xfc, 0xff, 0xff, 0x10, 0x00, 0x00, 0x00,
  0x00, 0x00, 0x00, 0x34, 0x0c, 0x00, 0x00, 0x00, 0x10, 0x00, 0x00, 0x00,
  0x78, 0xd4, 0xff, 0xff, 0x01, 0x00, 0x00, 0x00, 0x2a, 0x00, 0x00, 0x00,
  0x02, 0x00, 0x00, 0x00, 0x25, 0x00, 0x00, 0x00, 0x03, 0x00, 0x00, 0x00,
  0x22, 0xfd, 0xff, 0xff, 0x14, 0x00, 0x00, 0x00, 0x00, 0x00, 0x00, 0x0a,
  0x10, 0x00, 0x00, 0x00, 0x14, 0x00, 0x00, 0x00, 0x06, 0x00, 0x00, 0x00,
  0xa8, 0xd4, 0xff, 0xff, 0x01, 0x00, 0x00, 0x00, 0x29, 0x00, 0x00, 0x00,
  0x03, 0x00, 0x00, 0x00, 0x28, 0x00, 0x00, 0x00, 0x08, 0x00, 0x00, 0x00,
  0x09, 0x00, 0x00, 0x00, 0x86, 0xfd, 0xff, 0xff, 0x0c, 0x00, 0x00, 0x00,
  0x10, 0x00, 0x00, 0x00, 0x02, 0x00, 0x00, 0x00, 0x01, 0x00, 0x00, 0x00,
  0x28, 0x00, 0x00, 0x00, 0x02, 0x00, 0x00, 0x00, 0x27, 0x00, 0x00, 0x00,
  0x08, 0x00, 0x00, 0x00, 0x36, 0xfe, 0xff, 0xff, 0x24, 0x00, 0x00, 0x00,
  0x00, 0x00, 0x00, 0x20, 0x24, 0x00, 0x00, 0x00, 0x28, 0x00, 0x00, 0x00,
  0x05, 0x00, 0x00, 0x00, 0x00, 0x00, 0x0e, 0x00, 0x08, 0x00, 0x00, 0x00,
  0x00, 0x00, 0x00, 0x00, 0x00, 0x00, 0x04, 0x00, 0x0e, 0x00, 0x00, 0x00,
  0x01, 0x00, 0x00, 0x00, 0x01, 0x00, 0x00, 0x00, 0x27, 0x00, 0x00, 0x00,
  0x04, 0x00, 0x00, 0x00, 0x26, 0x00, 0x00, 0x00, 0x07, 0x00, 0x00, 0x00,
  0x08, 0x00, 0x00, 0x00, 0x08, 0x00, 0x00, 0x00, 0x82, 0xfe, 0xff, 0xff,
  0x1c, 0x00, 0x00, 0x00, 0x00, 0x00, 0x00, 0x37, 0x1c, 0x00, 0x00, 0x00,
  0x20, 0x00, 0x00, 0x00, 0x04, 0x00, 0x00, 0x00, 0x00, 0x00, 0x06, 0x00,
  0x08, 0x00, 0x07, 0x00, 0x06, 0x00, 0x00, 0x00, 0x00, 0x00, 0x00, 0x02,
  0x01, 0x00, 0x00, 0x00, 0x26, 0x00, 0x00, 0x00, 0x01, 0x00, 0x00, 0x00,
  0x25, 0x00, 0x00, 0x00, 0x2e, 0xfe, 0xff, 0xff, 0x0c, 0x00, 0x00, 0x00,
  0x10, 0x00, 0x00, 0x00, 0x02, 0x00, 0x00, 0x00, 0x01, 0x00, 0x00, 0x00,
  0x25, 0x00, 0x00, 0x00, 0x02, 0x00, 0x00, 0x00, 0x24, 0x00, 0x00, 0x00,
  0x06, 0x00, 0x00, 0x00, 0x22, 0xfe, 0xff, 0xff, 0x14, 0x00, 0x00, 0x00,
  0x00, 0x00, 0x00, 0x05, 0x24, 0x00, 0x00, 0x00, 0x28, 0x00, 0x00, 0x00,
  0x03, 0x00, 0x00, 0x00, 0xce, 0xfe, 0xff, 0xff, 0x01, 0x00, 0x00, 0x00,
  0x02, 0x00, 0x00, 0x00, 0x01, 0x00, 0x00, 0x00, 0x02, 0x00, 0x00, 0x00,
  0x00, 0x00, 0x00, 0x01, 0x01, 0x00, 0x00, 0x00, 0x24, 0x00, 0x00, 0x00,
  0x01, 0x00, 0x00, 0x00, 0x23, 0x00, 0x00, 0x00, 0x06, 0xfe, 0xff, 0xff,
  0x10, 0x00, 0x00, 0x00, 0x00, 0x00, 0x00, 0x34, 0x0c, 0x00, 0x00, 0x00,
  0x10, 0x00, 0x00, 0x00, 0xe4, 0xd5, 0xff, 0xff, 0x01, 0x00, 0x00, 0x00,
  0x23, 0x00, 0x00, 0x00, 0x02, 0x00, 0x00, 0x00, 0x22, 0x00, 0x00, 0x00,
  0x03, 0x00, 0x00, 0x00, 0xbe, 0xfe, 0xff, 0xff, 0x0c, 0x00, 0x00, 0x00,
  0x10, 0x00, 0x00, 0x00, 0x02, 0x00, 0x00, 0x00, 0x01, 0x00, 0x00, 0x00,
  0x22, 0x00, 0x00, 0x00, 0x02, 0x00, 0x00, 0x00, 0x21, 0x00, 0x00, 0x00,
  0x05, 0x00, 0x00, 0x00, 0xb2, 0xfe, 0xff, 0xff, 0x14, 0x00, 0x00, 0x00,
  0x00, 0x00, 0x00, 0x01, 0x1c, 0x00, 0x00, 0x00, 0x20, 0x00, 0x00, 0x00,
  0x01, 0x00, 0x00, 0x00, 0xa4, 0xfe, 0xff, 0xff, 0x00, 0x00, 0x00, 0x01,
  0x01, 0x00, 0x00, 0x00, 0x01, 0x00, 0x00, 0x00, 0x01, 0x00, 0x00, 0x00,
  0x21, 0x00, 0x00, 0x00, 0x03, 0x00, 0x00, 0x00, 0x20, 0x00, 0x00, 0x00,
  0x17, 0x00, 0x00, 0x00, 0x16, 0x00, 0x00, 0x00, 0x96, 0xfe, 0xff, 0xff,
  0x10, 0x00, 0x00, 0x00, 0x00, 0x00, 0x00, 0x34, 0x0c, 0x00, 0x00, 0x00,
  0x10, 0x00, 0x00, 0x00, 0x74, 0xd6, 0xff, 0xff, 0x01, 0x00, 0x00, 0x00,
  0x20, 0x00, 0x00, 0x00, 0x02, 0x00, 0x00, 0x00, 0x1f, 0x00, 0x00, 0x00,
  0x01, 0x00, 0x00, 0x00, 0x4e, 0xff, 0xff, 0xff, 0x0c, 0x00, 0x00, 0x00,
  0x10, 0x00, 0x00, 0x00, 0x02, 0x00, 0x00, 0x00, 0x01, 0x00, 0x00, 0x00,
  0x1f, 0x00, 0x00, 0x00, 0x02, 0x00, 0x00, 0x00, 0x1e, 0x00, 0x00, 0x00,
  0x04, 0x00, 0x00, 0x00, 0x00, 0x00, 0x0e, 0x00, 0x1a, 0x00, 0x14, 0x00,
  0x10, 0x00, 0x0c, 0x00, 0x0b, 0x00, 0x04, 0x00, 0x0e, 0x00, 0x00, 0x00,
  0x24, 0x00, 0x00, 0x00, 0x00, 0x00, 0x00, 0x05, 0x34, 0x00, 0x00, 0x00,
  0x38, 0x00, 0x00, 0x00, 0x03, 0x00, 0x00, 0x00, 0x00, 0x00, 0x0e, 0x00,
  0x18, 0x00, 0x17, 0x00, 0x10, 0x00, 0x0c, 0x00, 0x08, 0x00, 0x04, 0x00,
  0x0e, 0x00, 0x00, 0x00, 0x01, 0x00, 0x00, 0x00, 0x02, 0x00, 0x00, 0x00,
  0x01, 0x00, 0x00, 0x00, 0x02, 0x00, 0x00, 0x00, 0x00, 0x00, 0x00, 0x01,
  0x01, 0x00, 0x00, 0x00, 0x1e, 0x00, 0x00, 0x00, 0x01, 0x00, 0x00, 0x00,
  0x1d, 0x00, 0x00, 0x00, 0x46, 0xff, 0xff, 0xff, 0x10, 0x00, 0x00, 0x00,
  0x00, 0x00, 0x00, 0x34, 0x0c, 0x00, 0x00, 0x00, 0x10, 0x00, 0x00, 0x00,
  0x24, 0xd7, 0xff, 0xff, 0x01, 0x00, 0x00, 0x00, 0x1d, 0x00, 0x00, 0x00,
  0x02, 0x00, 0x00, 0x00, 0x1c, 0x00, 0x00, 0x00, 0x03, 0x00, 0x00, 0x00,
  0x00, 0x00, 0x0a, 0x00, 0x10, 0x00, 0x0c, 0x00, 0x08, 0x00, 0x04, 0x00,
  0x0a, 0x00, 0x00, 0x00, 0x0c, 0x00, 0x00, 0x00, 0x10, 0x00, 0x00, 0x00,
  0x02, 0x00, 0x00, 0x00, 0x01, 0x00, 0x00, 0x00, 0x1c, 0x00, 0x00, 0x00,
  0x02, 0x00, 0x00, 0x00, 0x1b, 0x00, 0x00, 0x00, 0x02, 0x00, 0x00, 0x00,
  0x00, 0x00, 0x0e, 0x00, 0x18, 0x00, 0x14, 0x00, 0x10, 0x00, 0x0c, 0x00,
  0x0b, 0x00, 0x04, 0x00, 0x0e, 0x00, 0x00, 0x00, 0x20, 0x00, 0x00, 0x00,
  0x00, 0x00, 0x00, 0x01, 0x28, 0x00, 0x00, 0x00, 0x2c, 0x00, 0x00, 0x00,
  0x01, 0x00, 0x00, 0x00, 0x0c, 0x00, 0x10, 0x00, 0x00, 0x00, 0x0c, 0x00,
  0x08, 0x00, 0x07, 0x00, 0x0c, 0x00, 0x00, 0x00, 0x00, 0x00, 0x00, 0x01,
  0x01, 0x00, 0x00, 0x00, 0x01, 0x00, 0x00, 0x00, 0x01, 0x00, 0x00, 0x00,
  0x1b, 0x00, 0x00, 0x00, 0x03, 0x00, 0x00, 0x00, 0x1a, 0x00, 0x00, 0x00,
  0x19, 0x00, 0x00, 0x00, 0x18, 0x00, 0x00, 0x00, 0x00, 0x00, 0x0e, 0x00,
  0x14, 0x00, 0x00, 0x00, 0x10, 0x00, 0x0c, 0x00, 0x0b, 0x00, 0x04, 0x00,
  0x0e, 0x00, 0x00, 0x00, 0x10, 0x00, 0x00, 0x00, 0x00, 0x00, 0x00, 0x34,
  0x0c, 0x00, 0x00, 0x00, 0x10, 0x00, 0x00, 0x00, 0xec, 0xd7, 0xff, 0xff,
  0x01, 0x00, 0x00, 0x00, 0x1a, 0x00, 0x00, 0x00, 0x02, 0x00, 0x00, 0x00,
  0x00, 0x00, 0x00, 0x00, 0x01, 0x00, 0x00, 0x00, 0x01, 0x00, 0x00, 0x00,
  0x3a, 0x00, 0x00, 0x00, 0x01, 0x00, 0x00, 0x00, 0x00, 0x00, 0x00, 0x00,
  0x3b, 0x00, 0x00, 0x00, 0x20, 0x28, 0x00, 0x00, 0xc8, 0x27, 0x00, 0x00,
  0x58, 0x27, 0x00, 0x00, 0x1c, 0x27, 0x00, 0x00, 0xbc, 0x26, 0x00, 0x00,
  0x7c, 0x26, 0x00, 0x00, 0x1c, 0x26, 0x00, 0x00, 0xdc, 0x25, 0x00, 0x00,
  0x9c, 0x25, 0x00, 0x00, 0x2c, 0x25, 0x00, 0x00, 0xbc, 0x24, 0x00, 0x00,
  0x54, 0x24, 0x00, 0x00, 0xf8, 0x23, 0x00, 0x00, 0x84, 0x23, 0x00, 0x00,
  0x10, 0x23, 0x00, 0x00, 0x94, 0x22, 0x00, 0x00, 0x18, 0x21, 0x00, 0x00,
  0x3c, 0x20, 0x00, 0x00, 0xf8, 0x1e, 0x00, 0x00, 0x24, 0x1e, 0x00, 0x00,
  0xb0, 0x1c, 0x00, 0x00, 0xd4, 0x1b, 0x00, 0x00, 0x90, 0x1a, 0x00, 0x00,
  0xbc, 0x19, 0x00, 0x00, 0x20, 0x18, 0x00, 0x00, 0xf4, 0x16, 0x00, 0x00,
  0x58, 0x16, 0x00, 0x00, 0x4c, 0x15, 0x00, 0x00, 0x64, 0x14, 0x00, 0x00,
  0xc4, 0x13, 0x00, 0x00, 0x28, 0x13, 0x00, 0x00, 0x90, 0x12, 0x00, 0x00,
  0xf0, 0x11, 0x00, 0x00, 0xdc, 0x10, 0x00, 0x00, 0xec, 0x0f, 0x00, 0x00,
  0x44, 0x0f, 0x00, 0x00, 0xa8, 0x0e, 0x00, 0x00, 0x10, 0x0e, 0x00, 0x00,
  0xbc, 0x0d, 0x00, 0x00, 0x64, 0x0d, 0x00, 0x00, 0xf4, 0x0c, 0x00, 0x00,
  0x90, 0x0c, 0x00, 0x00, 0xe8, 0x0b, 0x00, 0x00, 0xa4, 0x0a, 0x00, 0x00,
  0x94, 0x09, 0x00, 0x00, 0xf4, 0x08, 0x00, 0x00, 0xe0, 0x07, 0x00, 0x00,
  0xf0, 0x06, 0x00, 0x00, 0x98, 0x06, 0x00, 0x00, 0x3c, 0x06, 0x00, 0x00,
  0xcc, 0x05, 0x00, 0x00, 0x64, 0x05, 0x00, 0x00, 0xb8, 0x04, 0x00, 0x00,
  0x6c, 0x03, 0x00, 0x00, 0x54, 0x02, 0x00, 0x00, 0xb4, 0x01, 0x00, 0x00,
  0x20, 0x01, 0x00, 0x00, 0x88, 0x00, 0x00, 0x00, 0x04, 0x00, 0x00, 0x00,
  0xe2, 0xd8, 0xff, 0xff, 0x00, 0x00, 0x00, 0x01, 0x18, 0x00, 0x00, 0x00,
  0x24, 0x00, 0x00, 0x00, 0x40, 0x00, 0x00, 0x00, 0x3b, 0x00, 0x00, 0x00,
  0x00, 0x00, 0x00, 0x09, 0x54, 0x00, 0x00, 0x00, 0x03, 0x00, 0x00, 0x00,
  0xff, 0xff, 0xff, 0xff, 0x68, 0x01, 0x00, 0x00, 0x01, 0x00, 0x00, 0x00,
  0xcc, 0xd8, 0xff, 0xff, 0x08, 0x00, 0x00, 0x00, 0x10, 0x00, 0x00, 0x00,
  0x01, 0x00, 0x00, 0x00, 0xf9, 0xff, 0xff, 0xff, 0xff, 0xff, 0xff, 0xff,
  0x01, 0x00, 0x00, 0x00, 0xc4, 0x2b, 0x09, 0x3c, 0x1b, 0x00, 0x00, 0x00,
  0x53, 0x74, 0x61, 0x74, 0x65, 0x66, 0x75, 0x6c, 0x50, 0x61, 0x72, 0x74,
  0x69, 0x74, 0x69, 0x6f, 0x6e, 0x65, 0x64, 0x43, 0x61, 0x6c, 0x6c, 0x5f,
  0x31, 0x3a, 0x30, 0x00, 0x03, 0x00, 0x00, 0x00, 0x01, 0x00, 0x00, 0x00,
  0x68, 0x01, 0x00, 0x00, 0x01, 0x00, 0x00, 0x00, 0x62, 0xd9, 0xff, 0xff,
  0x00, 0x00, 0x00, 0x01, 0x18, 0x00, 0x00, 0x00, 0x24, 0x00, 0x00, 0x00,
  0x44, 0x00, 0x00, 0x00, 0x3a, 0x00, 0x00, 0x00, 0x00, 0x00, 0x00, 0x09,
  0x68, 0x00, 0x00, 0x00, 0x03, 0x00, 0x00, 0x00, 0xff, 0xff, 0xff, 0xff,
  0x68, 0x01, 0x00, 0x00, 0x01, 0x00, 0x00, 0x00, 0x4c, 0xd9, 0xff, 0xff,
  0x08, 0x00, 0x00, 0x00, 0x14, 0x00, 0x00, 0x00, 0x01, 0x00, 0x00, 0x00,
  0xf6, 0xff, 0xff, 0xff, 0xff, 0xff, 0xff, 0xff, 0x00, 0x00, 0x00, 0x00,
  0x01, 0x00, 0x00, 0x00, 0xc4, 0x2b, 0x09, 0x3c, 0x2a, 0x00, 0x00, 0x00,
  0x64, 0x65, 0x6e, 0x6f, 0x69, 0x73, 0x65, 0x72, 0x5f, 0x31, 0x2f, 0x63,
  0x6f, 0x6e, 0x76, 0x31, 0x64, 0x5f, 0x33, 0x5f, 0x31, 0x2f, 0x63, 0x6f,
  0x6e, 0x76, 0x6f, 0x6c, 0x75, 0x74, 0x69, 0x6f, 0x6e, 0x2f, 0x53, 0x71,
  0x75, 0x65, 0x65, 0x7a, 0x65, 0x31, 0x00, 0x00, 0x03, 0x00, 0x00, 0x00,
  0x01, 0x00, 0x00, 0x00, 0x68, 0x01, 0x00, 0x00, 0x01, 0x00, 0x00, 0x00,
  0xf6, 0xd9, 0xff, 0xff, 0x00, 0x00, 0x00, 0x01, 0x18, 0x00, 0x00, 0x00,
  0x28, 0x00, 0x00, 0x00, 0x44, 0x00, 0x00, 0x00, 0x39, 0x00, 0x00, 0x00,
  0x00, 0x00, 0x00, 0x09, 0x60, 0x00, 0x00, 0x00, 0x04, 0x00, 0x00, 0x00,
  0xff, 0xff, 0xff, 0xff, 0x01, 0x00, 0x00, 0x00, 0x68, 0x01, 0x00, 0x00,
  0x01, 0x00, 0x00, 0x00, 0xe4, 0xd9, 0xff, 0xff, 0x08, 0x00, 0x00, 0x00,
  0x10, 0x00, 0x00, 0x00, 0x01, 0x00, 0x00, 0x00, 0xf6, 0xff, 0xff, 0xff,
  0xff, 0xff, 0xff, 0xff, 0x01, 0x00, 0x00, 0x00, 0xc4, 0x2b, 0x09, 0x3c,
  0x22, 0x00, 0x00, 0x00, 0x64, 0x65, 0x6e, 0x6f, 0x69, 0x73, 0x65, 0x72,
  0x5f, 0x31, 0x2f, 0x63, 0x6f, 0x6e, 0x76, 0x31, 0x64, 0x5f, 0x33, 0x5f,
  0x31, 0x2f, 0x63, 0x6f, 0x6e, 0x76, 0x6f, 0x6c, 0x75, 0x74, 0x69, 0x6f,
  0x6e, 0x32, 0x00, 0x00, 0x04, 0x00, 0x00, 0x00, 0x01, 0x00, 0x00, 0x00,
  0x01, 0x00, 0x00, 0x00, 0x68, 0x01, 0x00, 0x00, 0x01, 0x00, 0x00, 0x00,
  0x86, 0xda, 0xff, 0xff, 0x00, 0x00, 0x00, 0x01, 0x18, 0x00, 0x00, 0x00,
  0x28, 0x00, 0x00, 0x00, 0x44, 0x00, 0x00, 0x00, 0x38, 0x00, 0x00, 0x00,
  0x00, 0x00, 0x00, 0x09, 0x6c, 0x00, 0x00, 0x00, 0x04, 0x00, 0x00, 0x00,
  0xff, 0xff, 0xff, 0xff, 0x01, 0x00, 0x00, 0x00, 0x68, 0x01, 0x00, 0x00,
  0x08, 0x00, 0x00, 0x00, 0x74, 0xda, 0xff, 0xff, 0x08, 0x00, 0x00, 0x00,
  0x10, 0x00, 0x00, 0x00, 0x01, 0x00, 0x00, 0x00, 0x80, 0xff, 0xff, 0xff,
  0xff, 0xff, 0xff, 0xff, 0x01, 0x00, 0x00, 0x00, 0x9c, 0xc8, 0xbd, 0x3b,
  0x2c, 0x00, 0x00, 0x00, 0x64, 0x65, 0x6e, 0x6f, 0x69, 0x73, 0x65, 0x72,
  0x5f, 0x31, 0x2f, 0x63, 0x6f, 0x6e, 0x76, 0x31, 0x64, 0x5f, 0x33, 0x5f,
  0x31, 0x2f, 0x63, 0x6f, 0x6e, 0x76, 0x6f, 0x6c, 0x75, 0x74, 0x69, 0x6f,
  0x6e, 0x2f, 0x45, 0x78, 0x70, 0x61, 0x6e, 0x64, 0x44, 0x69, 0x6d, 0x73,
  0x00, 0x00, 0x00, 0x00, 0x04, 0x00, 0x00, 0x00, 0x01, 0x00, 0x00, 0x00,
  0x01, 0x00, 0x00, 0x00, 0x68, 0x01, 0x00, 0x00, 0x08, 0x00, 0x00, 0x00,
  0x22, 0xdb, 0xff, 0xff, 0x00, 0x00, 0x00, 0x01, 0x18, 0x00, 0x00, 0x00,
  0x24, 0x00, 0x00, 0x00, 0x44, 0x00, 0x00, 0x00, 0x37, 0x00, 0x00, 0x00,
  0x00, 0x00, 0x00, 0x09, 0xe8, 0x00, 0x00, 0x00, 0x03, 0x00, 0x00, 0x00,
  0xff, 0xff, 0xff, 0xff, 0x68, 0x01, 0x00, 0x00, 0x08, 0x00, 0x00, 0x00,
  0x0c, 0xdb, 0xff, 0xff, 0x08, 0x00, 0x00, 0x00, 0x14, 0x00, 0x00, 0x00,
  0x01, 0x00, 0x00, 0x00, 0x80, 0xff, 0xff, 0xff, 0xff, 0xff, 0xff, 0xff,
  0x00, 0x00, 0x00, 0x00, 0x01, 0x00, 0x00, 0x00, 0x9c, 0xc8, 0xbd, 0x3b,
  0xab, 0x00, 0x00, 0x00, 0x64, 0x65, 0x6e, 0x6f, 0x69, 0x73, 0x65, 0x72,
  0x5f, 0x31, 0x2f, 0x63, 0x6f, 0x6e, 0x76, 0x31, 0x64, 0x5f, 0x74, 0x72,
  0x61, 0x6e, 0x73, 0x70, 0x6f, 0x73, 0x65, 0x5f, 0x31, 0x5f, 0x32, 0x2f,
  0x52, 0x65, 0x6c, 0x75, 0x3b, 0x64, 0x65, 0x6e, 0x6f, 0x69, 0x73, 0x65,
  0x72, 0x5f, 0x31, 0x2f, 0x63, 0x6f, 0x6e, 0x76, 0x31, 0x64, 0x5f, 0x74,
  0x72, 0x61, 0x6e, 0x73, 0x70, 0x6f, 0x73, 0x65, 0x5f, 0x31, 0x5f, 0x32,
  0x2f, 0x42, 0x69, 0x61, 0x73, 0x41, 0x64, 0x64, 0x3b, 0x64, 0x65, 0x6e,
  0x6f, 0x69, 0x73, 0x65, 0x72, 0x5f, 0x31, 0x2f, 0x63, 0x6f, 0x6e, 0x76,
  0x31, 0x64, 0x5f, 0x74, 0x72, 0x61, 0x6e, 0x73, 0x70, 0x6f, 0x73, 0x65,
  0x5f, 0x31, 0x5f, 0x32, 0x2f, 0x63, 0x6f, 0x6e, 0x76, 0x5f, 0x74, 0x72,
  0x61, 0x6e, 0x73, 0x70, 0x6f, 0x73, 0x65, 0x2f, 0x53, 0x71, 0x75, 0x65,
  0x65, 0x7a, 0x65, 0x3b, 0x64, 0x65, 0x6e, 0x6f, 0x69, 0x73, 0x65, 0x72,
  0x5f, 0x31, 0x2f, 0x63, 0x6f, 0x6e, 0x76, 0x31, 0x64, 0x5f, 0x74, 0x72,
  0x61, 0x6e, 0x73, 0x70, 0x6f, 0x73, 0x65, 0x5f, 0x31, 0x5f, 0x32, 0x2f,
  0x53, 0x71, 0x75, 0x65, 0x65, 0x7a, 0x65, 0x00, 0x03, 0x00, 0x00, 0x00,
  0x01, 0x00, 0x00, 0x00, 0x68, 0x01, 0x00, 0x00, 0x08, 0x00, 0x00, 0x00,
  0x36, 0xdc, 0xff, 0xff, 0x00, 0x00, 0x00, 0x01, 0x18, 0x00, 0x00, 0x00,
  0x28, 0x00, 0x00, 0x00, 0x44, 0x00, 0x00, 0x00, 0x36, 0x00, 0x00, 0x00,
  0x00, 0x00, 0x00, 0x09, 0x18, 0x01, 0x00, 0x00, 0x04, 0x00, 0x00, 0x00,
  0xff, 0xff, 0xff, 0xff, 0x01, 0x00, 0x00, 0x00, 0x68, 0x01, 0x00, 0x00,
  0x08, 0x00, 0x00, 0x00, 0x24, 0xdc, 0xff, 0xff, 0x08, 0x00, 0x00, 0x00,
  0x10, 0x00, 0x00, 0x00, 0x01, 0x00, 0x00, 0x00, 0x80, 0xff, 0xff, 0xff,
  0xff, 0xff, 0xff, 0xff, 0x01, 0x00, 0x00, 0x00, 0x9c, 0xc8, 0xbd, 0x3b,
  0xdb, 0x00, 0x00, 0x00, 0x64, 0x65, 0x6e, 0x6f, 0x69, 0x73, 0x65, 0x72,
  0x5f, 0x31, 0x2f, 0x63, 0x6f, 0x6e, 0x76, 0x31, 0x64, 0x5f, 0x74, 0x72,
  0x61, 0x6e, 0x73, 0x70, 0x6f, 0x73, 0x65, 0x5f, 0x31, 0x5f, 0x32, 0x2f,
  0x52, 0x65, 0x6c, 0x75, 0x3b, 0x64, 0x65, 0x6e, 0x6f, 0x69, 0x73, 0x65,
  0x72, 0x5f, 0x31, 0x2f, 0x63, 0x6f, 0x6e, 0x76, 0x31, 0x64, 0x5f, 0x74,
  0x72, 0x61, 0x6e, 0x73, 0x70, 0x6f, 0x73, 0x65, 0x5f, 0x31, 0x5f, 0x32,
  0x2f, 0x42, 0x69, 0x61, 0x73, 0x41, 0x64, 0x64, 0x3b, 0x64, 0x65, 0x6e,
  0x6f, 0x69, 0x73, 0x65, 0x72, 0x5f, 0x31, 0x2f, 0x63, 0x6f, 0x6e, 0x76,
  0x31, 0x64, 0x5f, 0x74, 0x72, 0x61, 0x6e, 0x73, 0x70, 0x6f, 0x73, 0x65,
  0x5f, 0x31, 0x5f, 0x32, 0x2f, 0x63, 0x6f, 0x6e, 0x76, 0x5f, 0x74, 0x72,
  0x61, 0x6e, 0x73, 0x70, 0x6f, 0x73, 0x65, 0x2f, 0x53, 0x71, 0x75, 0x65,
  0x65, 0x7a, 0x65, 0x3b, 0x64, 0x65, 0x6e, 0x6f, 0x69, 0x73, 0x65, 0x72,
  0x5f, 0x31, 0x2f, 0x63, 0x6f, 0x6e, 0x76, 0x31, 0x64, 0x5f, 0x74, 0x72,
  0x61, 0x6e, 0x73, 0x70, 0x6f, 0x73, 0x65, 0x5f, 0x31, 0x5f, 0x32, 0x2f,
  0x53, 0x71, 0x75, 0x65, 0x65, 0x7a, 0x65, 0x3b, 0x64, 0x65, 0x6e, 0x6f,
  0x69, 0x73, 0x65, 0x72, 0x5f, 0x31, 0x2f, 0x63, 0x6f, 0x6e, 0x76, 0x31,
  0x64, 0x5f, 0x74, 0x72, 0x61, 0x6e, 0x73, 0x70, 0x6f, 0x73, 0x65, 0x5f,
  0x31, 0x5f, 0x32, 0x2f, 0x63, 0x6f, 0x6e, 0x76, 0x5f, 0x74, 0x72, 0x61,
  0x6e, 0x73, 0x70, 0x6f, 0x73, 0x65, 0x31, 0x00, 0x04, 0x00, 0x00, 0x00,
  0x01, 0x00, 0x00, 0x00, 0x01, 0x00, 0x00, 0x00, 0x68, 0x01, 0x00, 0x00,
  0x08, 0x00, 0x00, 0x00, 0x7e, 0xdd, 0xff, 0xff, 0x00, 0x00, 0x00, 0x01,
  0x18, 0x00, 0x00, 0x00, 0x28, 0x00, 0x00, 0x00, 0x44, 0x00, 0x00, 0x00,
  0x35, 0x00, 0x00, 0x00, 0x00, 0x00, 0x00, 0x09, 0x78, 0x00, 0x00, 0x00,
  0x04, 0x00, 0x00, 0x00, 0xff, 0xff, 0xff, 0xff, 0x01, 0x00, 0x00, 0x00,
  0xb4, 0x00, 0x00, 0x00, 0x08, 0x00, 0x00, 0x00, 0x6c, 0xdd, 0xff, 0xff,
  0x08, 0x00, 0x00, 0x00, 0x10, 0x00, 0x00, 0x00, 0x01, 0x00, 0x00, 0x00,
  0x80, 0xff, 0xff, 0xff, 0xff, 0xff, 0xff, 0xff, 0x01, 0x00, 0x00, 0x00,
  0xcd, 0x07, 0xe8, 0x3b, 0x39, 0x00, 0x00, 0x00, 0x64, 0x65, 0x6e, 0x6f,
  0x69, 0x73, 0x65, 0x72, 0x5f, 0x31, 0x2f, 0x63, 0x6f, 0x6e, 0x76, 0x31,
  0x64, 0x5f, 0x74, 0x72, 0x61, 0x6e, 0x73, 0x70, 0x6f, 0x73, 0x65, 0x5f,
  0x31, 0x5f, 0x32, 0x2f, 0x63, 0x6f, 0x6e, 0x76, 0x5f, 0x74, 0x72, 0x61,
  0x6e, 0x73, 0x70, 0x6f, 0x73, 0x65, 0x2f, 0x45, 0x78, 0x70, 0x61, 0x6e,
  0x64, 0x44, 0x69, 0x6d, 0x73, 0x00, 0x00, 0x00, 0x04, 0x00, 0x00, 0x00,
  0x01, 0x00, 0x00, 0x00, 0x01, 0x00, 0x00, 0x00, 0xb4, 0x00, 0x00, 0x00,
  0x08, 0x00, 0x00, 0x00, 0x7a, 0xde, 0xff, 0xff, 0x00, 0x00, 0x00, 0x01,
  0x14, 0x00, 0x00, 0x00, 0x14, 0x00, 0x00, 0x00, 0x34, 0x00, 0x00, 0x00,
  0x00, 0x00, 0x00, 0x02, 0x44, 0x00, 0x00, 0x00, 0x64, 0xde, 0xff, 0xff,
  0x35, 0x00, 0x00, 0x00, 0x64, 0x65, 0x6e, 0x6f, 0x69, 0x73, 0x65, 0x72,
  0x5f, 0x31, 0x2f, 0x63, 0x6f, 0x6e, 0x76, 0x31, 0x64, 0x5f, 0x74, 0x72,
  0x61, 0x6e, 0x73, 0x70, 0x6f, 0x73, 0x65, 0x5f, 0x31, 0x5f, 0x32, 0x2f,
  0x63, 0x6f, 0x6e, 0x76, 0x5f, 0x74, 0x72, 0x61, 0x6e, 0x73, 0x70, 0x6f,
  0x73, 0x65, 0x2f, 0x63, 0x6f, 0x6e, 0x63, 0x61, 0x74, 0x00, 0x00, 0x00,
  0x01, 0x00, 0x00, 0x00, 0x04, 0x00, 0x00, 0x00, 0xde, 0xde, 0xff, 0xff,
  0x00, 0x00, 0x00, 0x01, 0x14, 0x00, 0x00, 0x00, 0x14, 0x00, 0x00, 0x00,
  0x33, 0x00, 0x00, 0x00, 0x00, 0x00, 0x00, 0x02, 0x4c, 0x00, 0x00, 0x00,
  0xc8, 0xde, 0xff, 0xff, 0x3e, 0x00, 0x00, 0x00, 0x64, 0x65, 0x6e, 0x6f,
  0x69, 0x73, 0x65, 0x72, 0x5f, 0x31, 0x2f, 0x63, 0x6f, 0x6e, 0x76, 0x31,
  0x64, 0x5f, 0x74, 0x72, 0x61, 0x6e, 0x73, 0x70, 0x6f, 0x73, 0x65, 0x5f,
  0x31, 0x5f, 0x32, 0x2f, 0x63, 0x6f, 0x6e, 0x76, 0x5f, 0x74, 0x72, 0x61,
  0x6e, 0x73, 0x70, 0x6f, 0x73, 0x65, 0x2f, 0x63, 0x6f, 0x6e, 0x63, 0x61,
  0x74, 0x2f, 0x76, 0x61, 0x6c, 0x75, 0x65, 0x73, 0x5f, 0x30, 0x00, 0x00,
  0x01, 0x00, 0x00, 0x00, 0x01, 0x00, 0x00, 0x00, 0x4a, 0xdf, 0xff, 0xff,
  0x00, 0x00, 0x00, 0x01, 0x14, 0x00, 0x00, 0x00, 0x14, 0x00, 0x00, 0x00,
  0x32, 0x00, 0x00, 0x00, 0x00, 0x00, 0x00, 0x02, 0x3c, 0x00, 0x00, 0x00,
  0x34, 0xdf, 0xff, 0xff, 0x2d, 0x00, 0x00, 0x00, 0x64, 0x65, 0x6e, 0x6f,
  0x69, 0x73, 0x65, 0x72, 0x5f, 0x31, 0x2f, 0x63, 0x6f, 0x6e, 0x76, 0x31,
  0x64, 0x5f, 0x74, 0x72, 0x61, 0x6e, 0x73, 0x70, 0x6f, 0x73, 0x65, 0x5f,
  0x31, 0x5f, 0x32, 0x2f, 0x73, 0x74, 0x72, 0x69, 0x64, 0x65, 0x64, 0x5f,
  0x73, 0x6c, 0x69, 0x63, 0x65, 0x00, 0x00, 0x00, 0x00, 0x00, 0x00, 0x00,
  0xa2, 0xdf, 0xff, 0xff, 0x00, 0x00, 0x00, 0x01, 0x14, 0x00, 0x00, 0x00,
  0x14, 0x00, 0x00, 0x00, 0x31, 0x00, 0x00, 0x00, 0x00, 0x00, 0x00, 0x02,
  0x34, 0x00, 0x00, 0x00, 0x8c, 0xdf, 0xff, 0xff, 0x25, 0x00, 0x00, 0x00,
  0x64, 0x65, 0x6e, 0x6f, 0x69, 0x73, 0x65, 0x72, 0x5f, 0x31, 0x2f, 0x63,
  0x6f, 0x6e, 0x76, 0x31, 0x64, 0x5f, 0x74, 0x72, 0x61, 0x6e, 0x73, 0x70,
  0x6f, 0x73, 0x65, 0x5f, 0x31, 0x5f, 0x32, 0x2f, 0x53, 0x68, 0x61, 0x70,
  0x65, 0x00, 0x00, 0x00, 0x01, 0x00, 0x00, 0x00, 0x03, 0x00, 0x00, 0x00,
  0xa2, 0xdf, 0xff, 0xff, 0x00, 0x00, 0x00, 0x01, 0x18, 0x00, 0x00, 0x00,
  0x24, 0x00, 0x00, 0x00, 0x44, 0x00, 0x00, 0x00, 0x30, 0x00, 0x00, 0x00,
  0x00, 0x00, 0x00, 0x09, 0xc0, 0x00, 0x00, 0x00, 0x03, 0x00, 0x00, 0x00,
  0xff, 0xff, 0xff, 0xff, 0xb4, 0x00, 0x00, 0x00, 0x08, 0x00, 0x00, 0x00,
  0x8c, 0xdf, 0xff, 0xff, 0x08, 0x00, 0x00, 0x00, 0x14, 0x00, 0x00, 0x00,
  0x01, 0x00, 0x00, 0x00, 0x80, 0xff, 0xff, 0xff, 0xff, 0xff, 0xff, 0xff,
  0x00, 0x00, 0x00, 0x00, 0x01, 0x00, 0x00, 0x00, 0xcd, 0x07, 0xe8, 0x3b,
  0x80, 0x00, 0x00, 0x00, 0x64, 0x65, 0x6e, 0x6f, 0x69, 0x73, 0x65, 0x72,
  0x5f, 0x31, 0x2f, 0x63, 0x6f, 0x6e, 0x76, 0x31, 0x64, 0x5f, 0x32, 0x5f,
  0x31, 0x2f, 0x52, 0x65, 0x6c, 0x75, 0x3b, 0x64, 0x65, 0x6e, 0x6f, 0x69,
  0x73, 0x65, 0x72, 0x5f, 0x31, 0x2f, 0x63, 0x6f, 0x6e, 0x76, 0x31, 0x64,
  0x5f, 0x32, 0x5f, 0x31, 0x2f, 0x42, 0x69, 0x61, 0x73, 0x41, 0x64, 0x64,
  0x3b, 0x64, 0x65, 0x6e, 0x6f, 0x69, 0x73, 0x65, 0x72, 0x5f, 0x31, 0x2f,
  0x63, 0x6f, 0x6e, 0x76, 0x31, 0x64, 0x5f, 0x32, 0x5f, 0x31, 0x2f, 0x63,
  0x6f, 0x6e, 0x76, 0x6f, 0x6c, 0x75, 0x74, 0x69, 0x6f, 0x6e, 0x2f, 0x53,
  0x71, 0x75, 0x65, 0x65, 0x7a, 0x65, 0x3b, 0x64, 0x65, 0x6e, 0x6f, 0x69,
  0x73, 0x65, 0x72, 0x5f, 0x31, 0x2f, 0x63, 0x6f, 0x6e, 0x76, 0x31, 0x64,
  0x5f, 0x32, 0x5f, 0x31, 0x2f, 0x53, 0x71, 0x75, 0x65, 0x65, 0x7a, 0x65,
  0x00, 0x00, 0x00, 0x00, 0x03, 0x00, 0x00, 0x00, 0x01, 0x00, 0x00, 0x00,
  0xb4, 0x00, 0x00, 0x00, 0x08, 0x00, 0x00, 0x00, 0x8e, 0xe0, 0xff, 0xff,
  0x00, 0x00, 0x00, 0x01, 0x18, 0x00, 0x00, 0x00, 0x28, 0x00, 0x00, 0x00,
  0x44, 0x00, 0x00, 0x00, 0x2f, 0x00, 0x00, 0x00, 0x00, 0x00, 0x00, 0x09,
  0xe0, 0x00, 0x00, 0x00, 0x04, 0x00, 0x00, 0x00, 0xff, 0xff, 0xff, 0xff,
  0x01, 0x00, 0x00, 0x00, 0xb4, 0x00, 0x00, 0x00, 0x08, 0x00, 0x00, 0x00,
  0x7c, 0xe0, 0xff, 0xff, 0x08, 0x00, 0x00, 0x00, 0x10, 0x00, 0x00, 0x00,
  0x01, 0x00, 0x00, 0x00, 0x80, 0xff, 0xff, 0xff, 0xff, 0xff, 0xff, 0xff,
  0x01, 0x00, 0x00, 0x00, 0xcd, 0x07, 0xe8, 0x3b, 0xa3, 0x00, 0x00, 0x00,
  0x64, 0x65, 0x6e, 0x6f, 0x69, 0x73, 0x65, 0x72, 0x5f, 0x31, 0x2f, 0x63,
  0x6f, 0x6e, 0x76, 0x31, 0x64, 0x5f, 0x32, 0x5f, 0x31, 0x2f, 0x52, 0x65,
  0x6c, 0x75, 0x3b, 0x64, 0x65, 0x6e, 0x6f, 0x69, 0x73, 0x65, 0x72, 0x5f,
  0x31, 0x2f, 0x63, 0x6f, 0x6e, 0x76, 0x31, 0x64, 0x5f, 0x32, 0x5f, 0x31,
  0x2f, 0x42, 0x69, 0x61, 0x73, 0x41, 0x64, 0x64, 0x3b, 0x64, 0x65, 0x6e,
  0x6f, 0x69, 0x73, 0x65, 0x72, 0x5f, 0x31, 0x2f, 0x63, 0x6f, 0x6e, 0x76,
  0x31, 0x64, 0x5f, 0x32, 0x5f, 0x31, 0x2f, 0x63, 0x6f, 0x6e, 0x76, 0x6f,
  0x6c, 0x75, 0x74, 0x69, 0x6f, 0x6e, 0x2f, 0x53, 0x71, 0x75, 0x65, 0x65,
  0x7a, 0x65, 0x3b, 0x64, 0x65, 0x6e, 0x6f, 0x69, 0x73, 0x65, 0x72, 0x5f,
  0x31, 0x2f, 0x63, 0x6f, 0x6e, 0x76, 0x31, 0x64, 0x5f, 0x32, 0x5f, 0x31,
  0x2f, 0x53, 0x71, 0x75, 0x65, 0x65, 0x7a, 0x65, 0x3b, 0x64, 0x65, 0x6e,
  0x6f, 0x69, 0x73, 0x65, 0x72, 0x5f, 0x31, 0x2f, 0x63, 0x6f, 0x6e, 0x76,
  0x31, 0x64, 0x5f, 0x32, 0x5f, 0x31, 0x2f, 0x63, 0x6f, 0x6e, 0x76, 0x6f,
  0x6c, 0x75, 0x74, 0x69, 0x6f, 0x6e, 0x31, 0x00, 0x04, 0x00, 0x00, 0x00,
  0x01, 0x00, 0x00, 0x00, 0x01, 0x00, 0x00, 0x00, 0xb4, 0x00, 0x00, 0x00,
  0x08, 0x00, 0x00, 0x00, 0x9e, 0xe1, 0xff, 0xff, 0x00, 0x00, 0x00, 0x01,
  0x18, 0x00, 0x00, 0x00, 0x28, 0x00, 0x00, 0x00, 0x44, 0x00, 0x00, 0x00,
  0x2e, 0x00, 0x00, 0x00, 0x00, 0x00, 0x00, 0x09, 0x6c, 0x00, 0x00, 0x00,
  0x04, 0x00, 0x00, 0x00, 0xff, 0xff, 0xff, 0xff, 0x01, 0x00, 0x00, 0x00,
  0xb4, 0x00, 0x00, 0x00, 0x08, 0x00, 0x00, 0x00, 0x8c, 0xe1, 0xff, 0xff,
  0x08, 0x00, 0x00, 0x00, 0x10, 0x00, 0x00, 0x00, 0x01, 0x00, 0x00, 0x00,
  0x80, 0xff, 0xff, 0xff, 0xff, 0xff, 0xff, 0xff, 0x01, 0x00, 0x00, 0x00,
  0x78, 0xea, 0xaf, 0x3b, 0x2c, 0x00, 0x00, 0x00, 0x64, 0x65, 0x6e, 0x6f,
  0x69, 0x73, 0x65, 0x72, 0x5f, 0x31, 0x2f, 0x63, 0x6f, 0x6e, 0x76, 0x31,
  0x64, 0x5f, 0x32, 0x5f, 0x31, 0x2f, 0x63, 0x6f, 0x6e, 0x76, 0x6f, 0x6c,
  0x75, 0x74, 0x69, 0x6f, 0x6e, 0x2f, 0x45, 0x78, 0x70, 0x61, 0x6e, 0x64,
  0x44, 0x69, 0x6d, 0x73, 0x00, 0x00, 0x00, 0x00, 0x04, 0x00, 0x00, 0x00,
  0x01, 0x00, 0x00, 0x00, 0x01, 0x00, 0x00, 0x00, 0xb4, 0x00, 0x00, 0x00,
  0x08, 0x00, 0x00, 0x00, 0x3a, 0xe2, 0xff, 0xff, 0x00, 0x00, 0x00, 0x01,
  0x18, 0x00, 0x00, 0x00, 0x24, 0x00, 0x00, 0x00, 0x44, 0x00, 0x00, 0x00,
  0x2d, 0x00, 0x00, 0x00, 0x00, 0x00, 0x00, 0x09, 0xe0, 0x00, 0x00, 0x00,
  0x03, 0x00, 0x00, 0x00, 0xff, 0xff, 0xff, 0xff, 0xb4, 0x00, 0x00, 0x00,
  0x08, 0x00, 0x00, 0x00, 0x24, 0xe2, 0xff, 0xff, 0x08, 0x00, 0x00, 0x00,
  0x14, 0x00, 0x00, 0x00, 0x01, 0x00, 0x00, 0x00, 0x80, 0xff, 0xff, 0xff,
  0xff, 0xff, 0xff, 0xff, 0x00, 0x00, 0x00, 0x00, 0x01, 0x00, 0x00, 0x00,
  0x78, 0xea, 0xaf, 0x3b, 0xa3, 0x00, 0x00, 0x00, 0x64, 0x65, 0x6e, 0x6f,
  0x69, 0x73, 0x65, 0x72, 0x5f, 0x31, 0x2f, 0x63, 0x6f, 0x6e, 0x76, 0x31,
  0x64, 0x5f, 0x74, 0x72, 0x61, 0x6e, 0x73, 0x70, 0x6f, 0x73, 0x65, 0x5f,
  0x31, 0x2f, 0x52, 0x65, 0x6c, 0x75, 0x3b, 0x64, 0x65, 0x6e, 0x6f, 0x69,
  0x73, 0x65, 0x72, 0x5f, 0x31, 0x2f, 0x63, 0x6f, 0x6e, 0x76, 0x31, 0x64,
  0x5f, 0x74, 0x72, 0x61, 0x6e, 0x73, 0x70, 0x6f, 0x73, 0x65, 0x5f, 0x31,
  0x2f, 0x42, 0x69, 0x61, 0x73, 0x41, 0x64, 0x64, 0x3b, 0x64, 0x65, 0x6e,
  0x6f, 0x69, 0x73, 0x65, 0x72, 0x5f, 0x31, 0x2f, 0x63, 0x6f, 0x6e, 0x76,
  0x31, 0x64, 0x5f, 0x74, 0x72, 0x61, 0x6e, 0x73, 0x70, 0x6f, 0x73, 0x65,
  0x5f, 0x31, 0x2f, 0x63, 0x6f, 0x6e, 0x76, 0x5f, 0x74, 0x72, 0x61, 0x6e,
  0x73, 0x70, 0x6f, 0x73, 0x65, 0x2f, 0x53, 0x71, 0x75, 0x65, 0x65, 0x7a,
  0x65, 0x3b, 0x64, 0x65, 0x6e, 0x6f, 0x69, 0x73, 0x65, 0x72, 0x5f, 0x31,
  0x2f, 0x63, 0x6f, 0x6e, 0x76, 0x31, 0x64, 0x5f, 0x74, 0x72, 0x61, 0x6e,
  0x73, 0x70, 0x6f, 0x73, 0x65, 0x5f, 0x31, 0x2f, 0x53, 0x71, 0x75, 0x65,
  0x65, 0x7a, 0x65, 0x00, 0x03, 0x00, 0x00, 0x00, 0x01, 0x00, 0x00, 0x00,
  0xb4, 0x00, 0x00, 0x00, 0x08, 0x00, 0x00, 0x00, 0x46, 0xe3, 0xff, 0xff,
  0x00, 0x00, 0x00, 0x01, 0x18, 0x00, 0x00, 0x00, 0x28, 0x00, 0x00, 0x00,
  0x44, 0x00, 0x00, 0x00, 0x2c, 0x00, 0x00, 0x00, 0x00, 0x00, 0x00, 0x09,
  0x10, 0x01, 0x00, 0x00, 0x04, 0x00, 0x00, 0x00, 0xff, 0xff, 0xff, 0xff,
  0x01, 0x00, 0x00, 0x00, 0xb4, 0x00, 0x00, 0x00, 0x08, 0x00, 0x00, 0x00,
  0x34, 0xe3, 0xff, 0xff, 0x08, 0x00, 0x00, 0x00, 0x10, 0x00, 0x00, 0x00,
  0x01, 0x00, 0x00, 0x00, 0x80, 0xff, 0xff, 0xff, 0xff, 0xff, 0xff, 0xff,
  0x01, 0x00, 0x00, 0x00, 0x78, 0xea, 0xaf, 0x3b, 0xd1, 0x00, 0x00, 0x00,
  0x64, 0x65, 0x6e, 0x6f, 0x69, 0x73, 0x65, 0x72, 0x5f, 0x31, 0x2f, 0x63,
  0x6f, 0x6e, 0x76, 0x31, 0x64, 0x5f, 0x74, 0x72, 0x61, 0x6e, 0x73, 0x70,
  0x6f, 0x73, 0x65, 0x5f, 0x31, 0x2f, 0x52, 0x65, 0x6c, 0x75, 0x3b, 0x64,
  0x65, 0x6e, 0x6f, 0x69, 0x73, 0x65, 0x72, 0x5f, 0x31, 0x2f, 0x63, 0x6f,
  0x6e, 0x76, 0x31, 0x64, 0x5f, 0x74, 0x72, 0x61, 0x6e, 0x73, 0x70, 0x6f,
  0x73, 0x65, 0x5f, 0x31, 0x2f, 0x42, 0x69, 0x61, 0x73, 0x41, 0x64, 0x64,
  0x3b, 0x64, 0x65, 0x6e, 0x6f, 0x69, 0x73, 0x65, 0x72, 0x5f, 0x31, 0x2f,
  0x63, 0x6f, 0x6e, 0x76, 0x31, 0x64, 0x5f, 0x74, 0x72, 0x61, 0x6e, 0x73,
  0x70, 0x6f, 0x73, 0x65, 0x5f, 0x31, 0x2f, 0x63, 0x6f, 0x6e, 0x76, 0x5f,
  0x74, 0x72, 0x61, 0x6e, 0x73, 0x70, 0x6f, 0x73, 0x65, 0x2f, 0x53, 0x71,
  0x75, 0x65, 0x65, 0x7a, 0x65, 0x3b, 0x64, 0x65, 0x6e, 0x6f, 0x69, 0x73,
  0x65, 0x72, 0x5f, 0x31, 0x2f, 0x63, 0x6f, 0x6e, 0x76, 0x31, 0x64, 0x5f,
  0x74, 0x72, 0x61, 0x6e, 0x73, 0x70, 0x6f, 0x73, 0x65, 0x5f, 0x31, 0x2f,
  0x53, 0x71, 0x75, 0x65, 0x65, 0x7a, 0x65, 0x3b, 0x64, 0x65, 0x6e, 0x6f,
  0x69, 0x73, 0x65, 0x72, 0x5f, 0x31, 0x2f, 0x63, 0x6f, 0x6e, 0x76, 0x31,
  0x64, 0x5f, 0x74, 0x72, 0x61, 0x6e, 0x73, 0x70, 0x6f, 0x73, 0x65, 0x5f,
  0x31, 0x2f, 0x63, 0x6f, 0x6e, 0x76, 0x5f, 0x74, 0x72, 0x61, 0x6e, 0x73,
  0x70, 0x6f, 0x73, 0x65, 0x31, 0x00, 0x00, 0x00, 0x04, 0x00, 0x00, 0x00,
  0x01, 0x00, 0x00, 0x00, 0x01, 0x00, 0x00, 0x00, 0xb4, 0x00, 0x00, 0x00,
  0x08, 0x00, 0x00, 0x00, 0x86, 0xe4, 0xff, 0xff, 0x00, 0x00, 0x00, 0x01,
  0x18, 0x00, 0x00, 0x00, 0x28, 0x00, 0x00, 0x00, 0x44, 0x00, 0x00, 0x00,
  0x2b, 0x00, 0x00, 0x00, 0x00, 0x00, 0x00, 0x09, 0x74, 0x00, 0x00, 0x00,
  0x04, 0x00, 0x00, 0x00, 0xff, 0xff, 0xff, 0xff, 0x01, 0x00, 0x00, 0x00,
  0x5a, 0x00, 0x00, 0x00, 0x08, 0x00, 0x00, 0x00, 0x74, 0xe4, 0xff, 0xff,
  0x08, 0x00, 0x00, 0x00, 0x10, 0x00, 0x00, 0x00, 0x01, 0x00, 0x00, 0x00,
  0x80, 0xff, 0xff, 0xff, 0xff, 0xff, 0xff, 0xff, 0x01, 0x00, 0x00, 0x00,
  0x4b, 0x6d, 0xad, 0x3b, 0x37, 0x00, 0x00, 0x00, 0x64, 0x65, 0x6e, 0x6f,
  0x69, 0x73, 0x65, 0x72, 0x5f, 0x31, 0x2f, 0x63, 0x6f, 0x6e, 0x76, 0x31,
  0x64, 0x5f, 0x74, 0x72, 0x61, 0x6e, 0x73, 0x70, 0x6f, 0x73, 0x65, 0x5f,
  0x31, 0x2f, 0x63, 0x6f, 0x6e, 0x76, 0x5f, 0x74, 0x72, 0x61, 0x6e, 0x73,
  0x70, 0x6f, 0x73, 0x65, 0x2f, 0x45, 0x78, 0x70, 0x61, 0x6e, 0x64, 0x44,
  0x69, 0x6d, 0x73, 0x00, 0x04, 0x00, 0x00, 0x00, 0x01, 0x00, 0x00, 0x00,
  0x01, 0x00, 0x00, 0x00, 0x5a, 0x00, 0x00, 0x00, 0x08, 0x00, 0x00, 0x00,
  0x7e, 0xe5, 0xff, 0xff, 0x00, 0x00, 0x00, 0x01, 0x14, 0x00, 0x00, 0x00,
  0x14, 0x00, 0x00, 0x00, 0x2a, 0x00, 0x00, 0x00, 0x00, 0x00, 0x00, 0x02,
  0x40, 0x00, 0x00, 0x00, 0x68, 0xe5, 0xff, 0xff, 0x33, 0x00, 0x00, 0x00,
  0x64, 0x65, 0x6e, 0x6f, 0x69, 0x73, 0x65, 0x72, 0x5f, 0x31, 0x2f, 0x63,
  0x6f, 0x6e, 0x76, 0x31, 0x64, 0x5f, 0x74, 0x72, 0x61, 0x6e, 0x73, 0x70,
  0x6f, 0x73, 0x65, 0x5f, 0x31, 0x2f, 0x63, 0x6f, 0x6e, 0x76, 0x5f, 0x74,
  0x72, 0x61, 0x6e, 0x73, 0x70, 0x6f, 0x73, 0x65, 0x2f, 0x63, 0x6f, 0x6e,
  0x63, 0x61, 0x74, 0x00, 0x01, 0x00, 0x00, 0x00, 0x04, 0x00, 0x00, 0x00,
  0xde, 0xe5, 0xff, 0xff, 0x00, 0x00, 0x00, 0x01, 0x14, 0x00, 0x00, 0x00,
  0x14, 0x00, 0x00, 0x00, 0x29, 0x00, 0x00, 0x00, 0x00, 0x00, 0x00, 0x02,
  0x4c, 0x00, 0x00, 0x00, 0xc8, 0xe5, 0xff, 0xff, 0x3c, 0x00, 0x00, 0x00,
  0x64, 0x65, 0x6e, 0x6f, 0x69, 0x73, 0x65, 0x72, 0x5f, 0x31, 0x2f, 0x63,
  0x6f, 0x6e, 0x76, 0x31, 0x64, 0x5f, 0x74, 0x72, 0x61, 0x6e, 0x73, 0x70,
  0x6f, 0x73, 0x65, 0x5f, 0x31, 0x2f, 0x63, 0x6f, 0x6e, 0x76, 0x5f, 0x74,
  0x72, 0x61, 0x6e, 0x73, 0x70, 0x6f, 0x73, 0x65, 0x2f, 0x63, 0x6f, 0x6e,
  0x63, 0x61, 0x74, 0x2f, 0x76, 0x61, 0x6c, 0x75, 0x65, 0x73, 0x5f, 0x30,
  0x00, 0x00, 0x00, 0x00, 0x01, 0x00, 0x00, 0x00, 0x01, 0x00, 0x00, 0x00,
  0x4a, 0xe6, 0xff, 0xff, 0x00, 0x00, 0x00, 0x01, 0x14, 0x00, 0x00, 0x00,
  0x14, 0x00, 0x00, 0x00, 0x28, 0x00, 0x00, 0x00, 0x00, 0x00, 0x00, 0x02,
  0x38, 0x00, 0x00, 0x00, 0x34, 0xe6, 0xff, 0xff, 0x2b, 0x00, 0x00, 0x00,
  0x64, 0x65, 0x6e, 0x6f, 0x69, 0x73, 0x65, 0x72, 0x5f, 0x31, 0x2f, 0x63,
  0x6f, 0x6e, 0x76, 0x31, 0x64, 0x5f, 0x74, 0x72, 0x61, 0x6e, 0x73, 0x70,
  0x6f, 0x73, 0x65, 0x5f, 0x31, 0x2f, 0x73, 0x74, 0x72, 0x69, 0x64, 0x65,
  0x64, 0x5f, 0x73, 0x6c, 0x69, 0x63, 0x65, 0x00, 0x00, 0x00, 0x00, 0x00,
  0x9e, 0xe6, 0xff, 0xff, 0x00, 0x00, 0x00, 0x01, 0x14, 0x00, 0x00, 0x00,
  0x14, 0x00, 0x00, 0x00, 0x27, 0x00, 0x00, 0x00, 0x00, 0x00, 0x00, 0x02,
  0x30, 0x00, 0x00, 0x00, 0x88, 0xe6, 0xff, 0xff, 0x23, 0x00, 0x00, 0x00,
  0x64, 0x65, 0x6e, 0x6f, 0x69, 0x73, 0x65, 0x72, 0x5f, 0x31, 0x2f, 0x63,
  0x6f, 0x6e, 0x76, 0x31, 0x64, 0x5f, 0x74, 0x72, 0x61, 0x6e, 0x73, 0x70,
  0x6f, 0x73, 0x65, 0x5f, 0x31, 0x2f, 0x53, 0x68, 0x61, 0x70, 0x65, 0x00,
  0x01, 0x00, 0x00, 0x00, 0x03, 0x00, 0x00, 0x00, 0x9a, 0xe6, 0xff, 0xff,
  0x00, 0x00, 0x00, 0x01, 0x18, 0x00, 0x00, 0x00, 0x24, 0x00, 0x00, 0x00,
  0x40, 0x00, 0x00, 0x00, 0x26, 0x00, 0x00, 0x00, 0x00, 0x00, 0x00, 0x09,
  0x68, 0x00, 0x00, 0x00, 0x03, 0x00, 0x00, 0x00, 0xff, 0xff, 0xff, 0xff,
  0x5a, 0x00, 0x00, 0x00, 0x08, 0x00, 0x00, 0x00, 0x84, 0xe6, 0xff, 0xff,
  0x08, 0x00, 0x00, 0x00, 0x10, 0x00, 0x00, 0x00, 0x01, 0x00, 0x00, 0x00,
  0x80, 0xff, 0xff, 0xff, 0xff, 0xff, 0xff, 0xff, 0x01, 0x00, 0x00, 0x00,
  0x4b, 0x6d, 0xad, 0x3b, 0x2f, 0x00, 0x00, 0x00, 0x64, 0x65, 0x6e, 0x6f,
  0x69, 0x73, 0x65, 0x72, 0x5f, 0x31, 0x2f, 0x6d, 0x61, 0x78, 0x5f, 0x70,
  0x6f, 0x6f, 0x6c, 0x69, 0x6e, 0x67, 0x31, 0x64, 0x5f, 0x31, 0x5f, 0x32,
  0x2f, 0x4d, 0x61, 0x78, 0x50, 0x6f, 0x6f, 0x6c, 0x31, 0x64, 0x2f, 0x53,
  0x71, 0x75, 0x65, 0x65, 0x7a, 0x65, 0x31, 0x00, 0x03, 0x00, 0x00, 0x00,
  0x01, 0x00, 0x00, 0x00, 0x5a, 0x00, 0x00, 0x00, 0x08, 0x00, 0x00, 0x00,
  0x2e, 0xe7, 0xff, 0xff, 0x00, 0x00, 0x00, 0x01, 0x18, 0x00, 0x00, 0x00,
  0x28, 0x00, 0x00, 0x00, 0x48, 0x00, 0x00, 0x00, 0x25, 0x00, 0x00, 0x00,
  0x00, 0x00, 0x00, 0x09, 0x68, 0x00, 0x00, 0x00, 0x04, 0x00, 0x00, 0x00,
  0xff, 0xff, 0xff, 0xff, 0x01, 0x00, 0x00, 0x00, 0x5a, 0x00, 0x00, 0x00,
  0x08, 0x00, 0x00, 0x00, 0x1c, 0xe7, 0xff, 0xff, 0x08, 0x00, 0x00, 0x00,
  0x14, 0x00, 0x00, 0x00, 0x01, 0x00, 0x00, 0x00, 0x80, 0xff, 0xff, 0xff,
  0xff, 0xff, 0xff, 0xff, 0x00, 0x00, 0x00, 0x00, 0x01, 0x00, 0x00, 0x00,
  0x4b, 0x6d, 0xad, 0x3b, 0x26, 0x00, 0x00, 0x00, 0x64, 0x65, 0x6e, 0x6f,
  0x69, 0x73, 0x65, 0x72, 0x5f, 0x31, 0x2f, 0x6d, 0x61, 0x78, 0x5f, 0x70,
  0x6f, 0x6f, 0x6c, 0x69, 0x6e, 0x67, 0x31, 0x64, 0x5f, 0x31, 0x5f, 0x32,
  0x2f, 0x4d, 0x61, 0x78, 0x50, 0x6f, 0x6f, 0x6c, 0x31, 0x64, 0x00, 0x00,
  0x04, 0x00, 0x00, 0x00, 0x01, 0x00, 0x00, 0x00, 0x01, 0x00, 0x00, 0x00,
  0x5a, 0x00, 0x00, 0x00, 0x08, 0x00, 0x00, 0x00, 0xc6, 0xe7, 0xff, 0xff,
  0x00, 0x00, 0x00, 0x01, 0x18, 0x00, 0x00, 0x00, 0x28, 0x00, 0x00, 0x00,
  0x48, 0x00, 0x00, 0x00, 0x24, 0x00, 0x00, 0x00, 0x00, 0x00, 0x00, 0x09,
  0x74, 0x00, 0x00, 0x00, 0x04, 0x00, 0x00, 0x00, 0xff, 0xff, 0xff, 0xff,
  0x01, 0x00, 0x00, 0x00, 0xb4, 0x00, 0x00, 0x00, 0x08, 0x00, 0x00, 0x00,
  0xb4, 0xe7, 0xff, 0xff, 0x08, 0x00, 0x00, 0x00, 0x14, 0x00, 0x00, 0x00,
  0x01, 0x00, 0x00, 0x00, 0x80, 0xff, 0xff, 0xff, 0xff, 0xff, 0xff, 0xff,
  0x00, 0x00, 0x00, 0x00, 0x01, 0x00, 0x00, 0x00, 0x4b, 0x6d, 0xad, 0x3b,
  0x31, 0x00, 0x00, 0x00, 0x64, 0x65, 0x6e, 0x6f, 0x69, 0x73, 0x65, 0x72,
  0x5f, 0x31, 0x2f, 0x6d, 0x61, 0x78, 0x5f, 0x70, 0x6f, 0x6f, 0x6c, 0x69,
  0x6e, 0x67, 0x31, 0x64, 0x5f, 0x31, 0x5f, 0x32, 0x2f, 0x4d, 0x61, 0x78,
  0x50, 0x6f, 0x6f, 0x6c, 0x31, 0x64, 0x2f, 0x45, 0x78, 0x70, 0x61, 0x6e,
  0x64, 0x44, 0x69, 0x6d, 0x73, 0x00, 0x00, 0x00, 0x04, 0x00, 0x00, 0x00,
  0x01, 0x00, 0x00, 0x00, 0x01, 0x00, 0x00, 0x00, 0xb4, 0x00, 0x00, 0x00,
  0x08, 0x00, 0x00, 0x00, 0x6a, 0xe8, 0xff, 0xff, 0x00, 0x00, 0x00, 0x01,
  0x18, 0x00, 0x00, 0x00, 0x24, 0x00, 0x00, 0x00, 0x44, 0x00, 0x00, 0x00,
  0x23, 0x00, 0x00, 0x00, 0x00, 0x00, 0x00, 0x09, 0xc0, 0x00, 0x00, 0x00,
  0x03, 0x00, 0x00, 0x00, 0xff, 0xff, 0xff, 0xff, 0xb4, 0x00, 0x00, 0x00,
  0x08, 0x00, 0x00, 0x00, 0x54, 0xe8, 0xff, 0xff, 0x08, 0x00, 0x00, 0x00,
  0x14, 0x00, 0x00, 0x00, 0x01, 0x00, 0x00, 0x00, 0x80, 0xff, 0xff, 0xff,
  0xff, 0xff, 0xff, 0xff, 0x00, 0x00, 0x00, 0x00, 0x01, 0x00, 0x00, 0x00,
  0x4b, 0x6d, 0xad, 0x3b, 0x80, 0x00, 0x00, 0x00, 0x64, 0x65, 0x6e, 0x6f,
  0x69, 0x73, 0x65, 0x72, 0x5f, 0x31, 0x2f, 0x63, 0x6f, 0x6e, 0x76, 0x31,
  0x64, 0x5f, 0x31, 0x5f, 0x32, 0x2f, 0x52, 0x65, 0x6c, 0x75, 0x3b, 0x64,
  0x65, 0x6e, 0x6f, 0x69, 0x73, 0x65, 0x72, 0x5f, 0x31, 0x2f, 0x63, 0x6f,
  0x6e, 0x76, 0x31, 0x64, 0x5f, 0x31, 0x5f, 0x32, 0x2f, 0x42, 0x69, 0x61,
  0x73, 0x41, 0x64, 0x64, 0x3b, 0x64, 0x65, 0x6e, 0x6f, 0x69, 0x73, 0x65,
  0x72, 0x5f, 0x31, 0x2f, 0x63, 0x6f, 0x6e, 0x76, 0x31, 0x64, 0x5f, 0x31,
  0x5f, 0x32, 0x2f, 0x63, 0x6f, 0x6e, 0x76, 0x6f, 0x6c, 0x75, 0x74, 0x69,
  0x6f, 0x6e, 0x2f, 0x53, 0x71, 0x75, 0x65, 0x65, 0x7a, 0x65, 0x3b, 0x64,
  0x65, 0x6e, 0x6f, 0x69, 0x73, 0x65, 0x72, 0x5f, 0x31, 0x2f, 0x63, 0x6f,
  0x6e, 0x76, 0x31, 0x64, 0x5f, 0x31, 0x5f, 0x32, 0x2f, 0x53, 0x71, 0x75,
  0x65, 0x65, 0x7a, 0x65, 0x00, 0x00, 0x00, 0x00, 0x03, 0x00, 0x00, 0x00,
  0x01, 0x00, 0x00, 0x00, 0xb4, 0x00, 0x00, 0x00, 0x08, 0x00, 0x00, 0x00,
  0x56, 0xe9, 0xff, 0xff, 0x00, 0x00, 0x00, 0x01, 0x18, 0x00, 0x00, 0x00,
  0x28, 0x00, 0x00, 0x00, 0x44, 0x00, 0x00, 0x00, 0x22, 0x00, 0x00, 0x00,
  0x00, 0x00, 0x00, 0x09, 0xe0, 0x00, 0x00, 0x00, 0x04, 0x00, 0x00, 0x00,
  0xff, 0xff, 0xff, 0xff, 0x01, 0x00, 0x00, 0x00, 0xb4, 0x00, 0x00, 0x00,
  0x08, 0x00, 0x00, 0x00, 0x44, 0xe9, 0xff, 0xff, 0x08, 0x00, 0x00, 0x00,
  0x10, 0x00, 0x00, 0x00, 0x01, 0x00, 0x00, 0x00, 0x80, 0xff, 0xff, 0xff,
  0xff, 0xff, 0xff, 0xff, 0x01, 0x00, 0x00, 0x00, 0x4b, 0x6d, 0xad, 0x3b,
  0xa3, 0x00, 0x00, 0x00, 0x64, 0x65, 0x6e, 0x6f, 0x69, 0x73, 0x65, 0x72,
  0x5f, 0x31, 0x2f, 0x63, 0x6f, 0x6e, 0x76, 0x31, 0x64, 0x5f, 0x31, 0x5f,
  0x32, 0x2f, 0x52, 0x65, 0x6c, 0x75, 0x3b, 0x64, 0x65, 0x6e, 0x6f, 0x69,
  0x73, 0x65, 0x72, 0x5f, 0x31, 0x2f, 0x63, 0x6f, 0x6e, 0x76, 0x31, 0x64,
  0x5f, 0x31, 0x5f, 0x32, 0x2f, 0x42, 0x69, 0x61, 0x73, 0x41, 0x64, 0x64,
  0x3b, 0x64, 0x65, 0x6e, 0x6f, 0x69, 0x73, 0x65, 0x72, 0x5f, 0x31, 0x2f,
  0x63, 0x6f, 0x6e, 0x76, 0x31, 0x64, 0x5f, 0x31, 0x5f, 0x32, 0x2f, 0x63,
  0x6f, 0x6e, 0x76, 0x6f, 0x6c, 0x75, 0x74, 0x69, 0x6f, 0x6e, 0x2f, 0x53,
  0x71, 0x75, 0x65, 0x65, 0x7a, 0x65, 0x3b, 0x64, 0x65, 0x6e, 0x6f, 0x69,
  0x73, 0x65, 0x72, 0x5f, 0x31, 0x2f, 0x63, 0x6f, 0x6e, 0x76, 0x31, 0x64,
  0x5f, 0x31, 0x5f, 0x32, 0x2f, 0x53, 0x71, 0x75, 0x65, 0x65, 0x7a, 0x65,
  0x3b, 0x64, 0x65, 0x6e, 0x6f, 0x69, 0x73, 0x65, 0x72, 0x5f, 0x31, 0x2f,
  0x63, 0x6f, 0x6e, 0x76, 0x31, 0x64, 0x5f, 0x31, 0x5f, 0x32, 0x2f, 0x63,
  0x6f, 0x6e, 0x76, 0x6f, 0x6c, 0x75, 0x74, 0x69, 0x6f, 0x6e, 0x31, 0x00,
  0x04, 0x00, 0x00, 0x00, 0x01, 0x00, 0x00, 0x00, 0x01, 0x00, 0x00, 0x00,
  0xb4, 0x00, 0x00, 0x00, 0x08, 0x00, 0x00, 0x00, 0x66, 0xea, 0xff, 0xff,
  0x00, 0x00, 0x00, 0x01, 0x18, 0x00, 0x00, 0x00, 0x28, 0x00, 0x00, 0x00,
  0x44, 0x00, 0x00, 0x00, 0x21, 0x00, 0x00, 0x00, 0x00, 0x00, 0x00, 0x09,
  0x6c, 0x00, 0x00, 0x00, 0x04, 0x00, 0x00, 0x00, 0xff, 0xff, 0xff, 0xff,
  0x01, 0x00, 0x00, 0x00, 0xb4, 0x00, 0x00, 0x00, 0x10, 0x00, 0x00, 0x00,
  0x54, 0xea, 0xff, 0xff, 0x08, 0x00, 0x00, 0x00, 0x10, 0x00, 0x00, 0x00,
  0x01, 0x00, 0x00, 0x00, 0x80, 0xff, 0xff, 0xff, 0xff, 0xff, 0xff, 0xff,
  0x01, 0x00, 0x00, 0x00, 0x61, 0x3d, 0x5d, 0x3b, 0x2c, 0x00, 0x00, 0x00,
  0x64, 0x65, 0x6e, 0x6f, 0x69, 0x73, 0x65, 0x72, 0x5f, 0x31, 0x2f, 0x63,
  0x6f, 0x6e, 0x76, 0x31, 0x64, 0x5f, 0x31, 0x5f, 0x32, 0x2f, 0x63, 0x6f,
  0x6e, 0x76, 0x6f, 0x6c, 0x75, 0x74, 0x69, 0x6f, 0x6e, 0x2f, 0x45, 0x78,
  0x70, 0x61, 0x6e, 0x64, 0x44, 0x69, 0x6d, 0x73, 0x00, 0x00, 0x00, 0x00,
  0x04, 0x00, 0x00, 0x00, 0x01, 0x00, 0x00, 0x00, 0x01, 0x00, 0x00, 0x00,
  0xb4, 0x00, 0x00, 0x00, 0x10, 0x00, 0x00, 0x00, 0x02, 0xeb, 0xff, 0xff,
  0x00, 0x00, 0x00, 0x01, 0x18, 0x00, 0x00, 0x00, 0x24, 0x00, 0x00, 0x00,
  0x40, 0x00, 0x00, 0x00, 0x20, 0x00, 0x00, 0x00, 0x00, 0x00, 0x00, 0x09,
  0x68, 0x00, 0x00, 0x00, 0x03, 0x00, 0x00, 0x00, 0xff, 0xff, 0xff, 0xff,
  0xb4, 0x00, 0x00, 0x00, 0x10, 0x00, 0x00, 0x00, 0xec, 0xea, 0xff, 0xff,
  0x08, 0x00, 0x00, 0x00, 0x10, 0x00, 0x00, 0x00, 0x01, 0x00, 0x00, 0x00,
  0x80, 0xff, 0xff, 0xff, 0xff, 0xff, 0xff, 0xff, 0x01, 0x00, 0x00, 0x00,
  0x61, 0x3d, 0x5d, 0x3b, 0x2d, 0x00, 0x00, 0x00, 0x64, 0x65, 0x6e, 0x6f,
  0x69, 0x73, 0x65, 0x72, 0x5f, 0x31, 0x2f, 0x6d, 0x61, 0x78, 0x5f, 0x70,
  0x6f, 0x6f, 0x6c, 0x69, 0x6e, 0x67, 0x31, 0x64, 0x5f, 0x31, 0x2f, 0x4d,
  0x61, 0x78, 0x50, 0x6f, 0x6f, 0x6c, 0x31, 0x64, 0x2f, 0x53, 0x71, 0x75,
  0x65, 0x65, 0x7a, 0x65, 0x31, 0x00, 0x00, 0x00, 0x03, 0x00, 0x00, 0x00,
  0x01, 0x00, 0x00, 0x00, 0xb4, 0x00, 0x00, 0x00, 0x10, 0x00, 0x00, 0x00,
  0x96, 0xeb, 0xff, 0xff, 0x00, 0x00, 0x00, 0x01, 0x18, 0x00, 0x00, 0x00,
  0x28, 0x00, 0x00, 0x00, 0x48, 0x00, 0x00, 0x00, 0x1f, 0x00, 0x00, 0x00,
  0x00, 0x00, 0x00, 0x09, 0x68, 0x00, 0x00, 0x00, 0x04, 0x00, 0x00, 0x00,
  0xff, 0xff, 0xff, 0xff, 0x01, 0x00, 0x00, 0x00, 0xb4, 0x00, 0x00, 0x00,
  0x10, 0x00, 0x00, 0x00, 0x84, 0xeb, 0xff, 0xff, 0x08, 0x00, 0x00, 0x00,
  0x14, 0x00, 0x00, 0x00, 0x01, 0x00, 0x00, 0x00, 0x80, 0xff, 0xff, 0xff,
  0xff, 0xff, 0xff, 0xff, 0x00, 0x00, 0x00, 0x00, 0x01, 0x00, 0x00, 0x00,
  0x61, 0x3d, 0x5d, 0x3b, 0x24, 0x00, 0x00, 0x00, 0x64, 0x65, 0x6e, 0x6f,
  0x69, 0x73, 0x65, 0x72, 0x5f, 0x31, 0x2f, 0x6d, 0x61, 0x78, 0x5f, 0x70,
  0x6f, 0x6f, 0x6c, 0x69, 0x6e, 0x67, 0x31, 0x64, 0x5f, 0x31, 0x2f, 0x4d,
  0x61, 0x78, 0x50, 0x6f, 0x6f, 0x6c, 0x31, 0x64, 0x00, 0x00, 0x00, 0x00,
  0x04, 0x00, 0x00, 0x00, 0x01, 0x00, 0x00, 0x00, 0x01, 0x00, 0x00, 0x00,
  0xb4, 0x00, 0x00, 0x00, 0x10, 0x00, 0x00, 0x00, 0x2e, 0xec, 0xff, 0xff,
  0x00, 0x00, 0x00, 0x01, 0x18, 0x00, 0x00, 0x00, 0x28, 0x00, 0x00, 0x00,
  0x44, 0x00, 0x00, 0x00, 0x1e, 0x00, 0x00, 0x00, 0x00, 0x00, 0x00, 0x09,
  0x6c, 0x00, 0x00, 0x00, 0x04, 0x00, 0x00, 0x00, 0xff, 0xff, 0xff, 0xff,
  0x01, 0x00, 0x00, 0x00, 0x68, 0x01, 0x00, 0x00, 0x10, 0x00, 0x00, 0x00,
  0x1c, 0xec, 0xff, 0xff, 0x08, 0x00, 0x00, 0x00, 0x10, 0x00, 0x00, 0x00,
  0x01, 0x00, 0x00, 0x00, 0x80, 0xff, 0xff, 0xff, 0xff, 0xff, 0xff, 0xff,
  0x01, 0x00, 0x00, 0x00, 0x61, 0x3d, 0x5d, 0x3b, 0x2f, 0x00, 0x00, 0x00,
  0x64, 0x65, 0x6e, 0x6f, 0x69, 0x73, 0x65, 0x72, 0x5f, 0x31, 0x2f, 0x6d,
  0x61, 0x78, 0x5f, 0x70, 0x6f, 0x6f, 0x6c, 0x69, 0x6e, 0x67, 0x31, 0x64,
  0x5f, 0x31, 0x2f, 0x4d, 0x61, 0x78, 0x50, 0x6f, 0x6f, 0x6c, 0x31, 0x64,
  0x2f, 0x45, 0x78, 0x70, 0x61, 0x6e, 0x64, 0x44, 0x69, 0x6d, 0x73, 0x00,
  0x04, 0x00, 0x00, 0x00, 0x01, 0x00, 0x00, 0x00, 0x01, 0x00, 0x00, 0x00,
  0x68, 0x01, 0x00, 0x00, 0x10, 0x00, 0x00, 0x00, 0xca, 0xec, 0xff, 0xff,
  0x00, 0x00, 0x00, 0x01, 0x18, 0x00, 0x00, 0x00, 0x24, 0x00, 0x00, 0x00,
  0x44, 0x00, 0x00, 0x00, 0x1d, 0x00, 0x00, 0x00, 0x00, 0x00, 0x00, 0x09,
  0xb8, 0x00, 0x00, 0x00, 0x03, 0x00, 0x00, 0x00, 0xff, 0xff, 0xff, 0xff,
  0x68, 0x01, 0x00, 0x00, 0x10, 0x00, 0x00, 0x00, 0xb4, 0xec, 0xff, 0xff,
  0x08, 0x00, 0x00, 0x00, 0x14, 0x00, 0x00, 0x00, 0x01, 0x00, 0x00, 0x00,
  0x80, 0xff, 0xff, 0xff, 0xff, 0xff, 0xff, 0xff, 0x00, 0x00, 0x00, 0x00,
  0x01, 0x00, 0x00, 0x00, 0x61, 0x3d, 0x5d, 0x3b, 0x78, 0x00, 0x00, 0x00,
  0x64, 0x65, 0x6e, 0x6f, 0x69, 0x73, 0x65, 0x72, 0x5f, 0x31, 0x2f, 0x63,
  0x6f, 0x6e, 0x76, 0x31, 0x64, 0x5f, 0x31, 0x2f, 0x52, 0x65, 0x6c, 0x75,
  0x3b, 0x64, 0x65, 0x6e, 0x6f, 0x69, 0x73, 0x65, 0x72, 0x5f, 0x31, 0x2f,
  0x63, 0x6f, 0x6e, 0x76, 0x31, 0x64, 0x5f, 0x31, 0x2f, 0x42, 0x69, 0x61,
  0x73, 0x41, 0x64, 0x64, 0x3b, 0x64, 0x65, 0x6e, 0x6f, 0x69, 0x73, 0x65,
  0x72, 0x5f, 0x31, 0x2f, 0x63, 0x6f, 0x6e, 0x76, 0x31, 0x64, 0x5f, 0x31,
  0x2f, 0x63, 0x6f, 0x6e, 0x76, 0x6f, 0x6c, 0x75, 0x74, 0x69, 0x6f, 0x6e,
  0x2f, 0x53, 0x71, 0x75, 0x65, 0x65, 0x7a, 0x65, 0x3b, 0x64, 0x65, 0x6e,
  0x6f, 0x69, 0x73, 0x65, 0x72, 0x5f, 0x31, 0x2f, 0x63, 0x6f, 0x6e, 0x76,
  0x31, 0x64, 0x5f, 0x31, 0x2f, 0x53, 0x71, 0x75, 0x65, 0x65, 0x7a, 0x65,
  0x00, 0x00, 0x00, 0x00, 0x03, 0x00, 0x00, 0x00, 0x01, 0x00, 0x00, 0x00,
  0x68, 0x01, 0x00, 0x00, 0x10, 0x00, 0x00, 0x00, 0xae, 0xed, 0xff, 0xff,
  0x00, 0x00, 0x00, 0x01, 0x18, 0x00, 0x00, 0x00, 0x28, 0x00, 0x00, 0x00,
  0x44, 0x00, 0x00, 0x00, 0x1c, 0x00, 0x00, 0x00, 0x00, 0x00, 0x00, 0x09,
  0xd8, 0x00, 0x00, 0x00, 0x04, 0x00, 0x00, 0x00, 0xff, 0xff, 0xff, 0xff,
  0x01, 0x00, 0x00, 0x00, 0x68, 0x01, 0x00, 0x00, 0x10, 0x00, 0x00, 0x00,
  0x9c, 0xed, 0xff, 0xff, 0x08, 0x00, 0x00, 0x00, 0x10, 0x00, 0x00, 0x00,
  0x01, 0x00, 0x00, 0x00, 0x80, 0xff, 0xff, 0xff, 0xff, 0xff, 0xff, 0xff,
  0x01, 0x00, 0x00, 0x00, 0x61, 0x3d, 0x5d, 0x3b, 0x99, 0x00, 0x00, 0x00,
  0x64, 0x65, 0x6e, 0x6f, 0x69, 0x73, 0x65, 0x72, 0x5f, 0x31, 0x2f, 0x63,
  0x6f, 0x6e, 0x76, 0x31, 0x64, 0x5f, 0x31, 0x2f, 0x52, 0x65, 0x6c, 0x75,
  0x3b, 0x64, 0x65, 0x6e, 0x6f, 0x69, 0x73, 0x65, 0x72, 0x5f, 0x31, 0x2f,
  0x63, 0x6f, 0x6e, 0x76, 0x31, 0x64, 0x5f, 0x31, 0x2f, 0x42, 0x69, 0x61,
  0x73, 0x41, 0x64, 0x64, 0x3b, 0x64, 0x65, 0x6e, 0x6f, 0x69, 0x73, 0x65,
  0x72, 0x5f, 0x31, 0x2f, 0x63, 0x6f, 0x6e, 0x76, 0x31, 0x64, 0x5f, 0x31,
  0x2f, 0x63, 0x6f, 0x6e, 0x76, 0x6f, 0x6c, 0x75, 0x74, 0x69, 0x6f, 0x6e,
  0x2f, 0x53, 0x71, 0x75, 0x65, 0x65, 0x7a, 0x65, 0x3b, 0x64, 0x65, 0x6e,
  0x6f, 0x69, 0x73, 0x65, 0x72, 0x5f, 0x31, 0x2f, 0x63, 0x6f, 0x6e, 0x76,
  0x31, 0x64, 0x5f, 0x31, 0x2f, 0x53, 0x71, 0x75, 0x65, 0x65, 0x7a, 0x65,
  0x3b, 0x64, 0x65, 0x6e, 0x6f, 0x69, 0x73, 0x65, 0x72, 0x5f, 0x31, 0x2f,
  0x63, 0x6f, 0x6e, 0x76, 0x31, 0x64, 0x5f, 0x31, 0x2f, 0x63, 0x6f, 0x6e,
  0x76, 0x6f, 0x6c, 0x75, 0x74, 0x69, 0x6f, 0x6e, 0x31, 0x00, 0x00, 0x00,
  0x04, 0x00, 0x00, 0x00, 0x01, 0x00, 0x00, 0x00, 0x01, 0x00, 0x00, 0x00,
  0x68, 0x01, 0x00, 0x00, 0x10, 0x00, 0x00, 0x00, 0xb6, 0xee, 0xff, 0xff,
  0x00, 0x00, 0x00, 0x01, 0x18, 0x00, 0x00, 0x00, 0x28, 0x00, 0x00, 0x00,
  0x44, 0x00, 0x00, 0x00, 0x1b, 0x00, 0x00, 0x00, 0x00, 0x00, 0x00, 0x09,
  0x68, 0x00, 0x00, 0x00, 0x04, 0x00, 0x00, 0x00, 0xff, 0xff, 0xff, 0xff,
  0x01, 0x00, 0x00, 0x00, 0x68, 0x01, 0x00, 0x00, 0x01, 0x00, 0x00, 0x00,
  0xa4, 0xee, 0xff, 0xff, 0x08, 0x00, 0x00, 0x00, 0x10, 0x00, 0x00, 0x00,
  0x01, 0x00, 0x00, 0x00, 0xff, 0xff, 0xff, 0xff, 0xff, 0xff, 0xff, 0xff,
  0x01, 0x00, 0x00, 0x00, 0x81, 0x80, 0x00, 0x3c, 0x2a, 0x00, 0x00, 0x00,
  0x64, 0x65, 0x6e, 0x6f, 0x69, 0x73, 0x65, 0x72, 0x5f, 0x31, 0x2f, 0x63,
  0x6f, 0x6e, 0x76, 0x31, 0x64, 0x5f, 0x31, 0x2f, 0x63, 0x6f, 0x6e, 0x76,
  0x6f, 0x6c, 0x75, 0x74, 0x69, 0x6f, 0x6e, 0x2f, 0x45, 0x78, 0x70, 0x61,
  0x6e, 0x64, 0x44, 0x69, 0x6d, 0x73, 0x00, 0x00, 0x04, 0x00, 0x00, 0x00,
  0x01, 0x00, 0x00, 0x00, 0x01, 0x00, 0x00, 0x00, 0x68, 0x01, 0x00, 0x00,
  0x01, 0x00, 0x00, 0x00, 0xa2, 0xef, 0xff, 0xff, 0x00, 0x00, 0x00, 0x01,
  0x14, 0x00, 0x00, 0x00, 0xe4, 0x00, 0x00, 0x00, 0x1a, 0x00, 0x00, 0x00,
  0x00, 0x00, 0x00, 0x09, 0xfc, 0x00, 0x00, 0x00, 0x24, 0xef, 0xff, 0xff,
  0x08, 0x00, 0x00, 0x00, 0x88, 0x00, 0x00, 0x00, 0x10, 0x00, 0x00, 0x00,
  0x00, 0x00, 0x00, 0x00, 0x00, 0x00, 0x00, 0x00, 0x00, 0x00, 0x00, 0x00,
  0x00, 0x00, 0x00, 0x00, 0x00, 0x00, 0x00, 0x00, 0x00, 0x00, 0x00, 0x00,
  0x00, 0x00, 0x00, 0x00, 0x00, 0x00, 0x00, 0x00, 0x00, 0x00, 0x00, 0x00,
  0x00, 0x00, 0x00, 0x00, 0x00, 0x00, 0x00, 0x00, 0x00, 0x00, 0x00, 0x00,
  0x00, 0x00, 0x00, 0x00, 0x00, 0x00, 0x00, 0x00, 0x00, 0x00, 0x00, 0x00,
  0x00, 0x00, 0x00, 0x00, 0x00, 0x00, 0x00, 0x00, 0x00, 0x00, 0x00, 0x00,
  0x00, 0x00, 0x00, 0x00, 0x00, 0x00, 0x00, 0x00, 0x00, 0x00, 0x00, 0x00,
  0x00, 0x00, 0x00, 0x00, 0x00, 0x00, 0x00, 0x00, 0x00, 0x00, 0x00, 0x00,
  0x00, 0x00, 0x00, 0x00, 0x00, 0x00, 0x00, 0x00, 0x00, 0x00, 0x00, 0x00,
  0x00, 0x00, 0x00, 0x00, 0x00, 0x00, 0x00, 0x00, 0x00, 0x00, 0x00, 0x00,
  0x00, 0x00, 0x00, 0x00, 0x00, 0x00, 0x00, 0x00, 0x10, 0x00, 0x00, 0x00,
  0xef, 0xfc, 0xf4, 0x3a, 0xb3, 0x10, 0xba, 0x3a, 0xf3, 0x5b, 0x91, 0x3a,
  0x5d, 0x1b, 0xb0, 0x3a, 0x1f, 0x39, 0xcb, 0x3a, 0x9e, 0xa4, 0x99, 0x3a,
  0xbc, 0xe4, 0xa2, 0x3a, 0x65, 0x9b, 0xaf, 0x3a, 0xee, 0x6f, 0xaa, 0x3a,
  0xbf, 0x51, 0xc7, 0x3a, 0x00, 0x40, 0x85, 0x3a, 0x8c, 0x28, 0x94, 0x3a,
  0xef, 0x08, 0xb8, 0x3a, 0xc6, 0xf5, 0xa5, 0x3a, 0xde, 0xc7, 0xa7, 0x3a,
  0x98, 0xa5, 0x8d, 0x3a, 0x1f, 0x00, 0x00, 0x00, 0x64, 0x65, 0x6e, 0x6f,
  0x69, 0x73, 0x65, 0x72, 0x5f, 0x31, 0x2f, 0x63, 0x6f, 0x6e, 0x76, 0x31,
  0x64, 0x5f, 0x31, 0x2f, 0x63, 0x6f, 0x6e, 0x76, 0x6f, 0x6c, 0x75, 0x74,
  0x69, 0x6f, 0x6e, 0x00, 0x04, 0x00, 0x00, 0x00, 0x10, 0x00, 0x00, 0x00,
  0x01, 0x00, 0x00, 0x00, 0x0f, 0x00, 0x00, 0x00, 0x01, 0x00, 0x00, 0x00,
  0xca, 0xf0, 0xff, 0xff, 0x00, 0x00, 0x00, 0x01, 0x14, 0x00, 0x00, 0x00,
  0xe4, 0x00, 0x00, 0x00, 0x19, 0x00, 0x00, 0x00, 0x00, 0x00, 0x00, 0x02,
  0x78, 0x01, 0x00, 0x00, 0x4c, 0xf0, 0xff, 0xff, 0x08, 0x00, 0x00, 0x00,
  0x88, 0x00, 0x00, 0x00, 0x10, 0x00, 0x00, 0x00, 0x00, 0x00, 0x00, 0x00,
  0x00, 0x00, 0x00, 0x00, 0x00, 0x00, 0x00, 0x00, 0x00, 0x00, 0x00, 0x00,
  0x00, 0x00, 0x00, 0x00, 0x00, 0x00, 0x00, 0x00, 0x00, 0x00, 0x00, 0x00,
  0x00, 0x00, 0x00, 0x00, 0x00, 0x00, 0x00, 0x00, 0x00, 0x00, 0x00, 0x00,
  0x00, 0x00, 0x00, 0x00, 0x00, 0x00, 0x00, 0x00, 0x00, 0x00, 0x00, 0x00,
  0x00, 0x00, 0x00, 0x00, 0x00, 0x00, 0x00, 0x00, 0x00, 0x00, 0x00, 0x00,
  0x00, 0x00, 0x00, 0x00, 0x00, 0x00, 0x00, 0x00, 0x00, 0x00, 0x00, 0x00,
  0x00, 0x00, 0x00, 0x00, 0x00, 0x00, 0x00, 0x00, 0x00, 0x00, 0x00, 0x00,
  0x00, 0x00, 0x00, 0x00, 0x00, 0x00, 0x00, 0x00, 0x00, 0x00, 0x00, 0x00,
  0x00, 0x00, 0x00, 0x00, 0x00, 0x00, 0x00, 0x00, 0x00, 0x00, 0x00, 0x00,
  0x00, 0x00, 0x00, 0x00, 0x00, 0x00, 0x00, 0x00, 0x00, 0x00, 0x00, 0x00,
  0x00, 0x00, 0x00, 0x00, 0x10, 0x00, 0x00, 0x00, 0xe3, 0xf2, 0x75, 0x37,
  0x7f, 0xcb, 0x3a, 0x37, 0xe1, 0xed, 0x11, 0x37, 0x2a, 0xcc, 0x30, 0x37,
  0x25, 0x05, 0x4c, 0x37, 0xdd, 0x3e, 0x1a, 0x37, 0x45, 0x88, 0x23, 0x37,
  0xb1, 0x4b, 0x30, 0x37, 0x0a, 0x1b, 0x2b, 0x37, 0xda, 0x19, 0x48, 0x37,
  0xc6, 0xc5, 0x05, 0x37, 0x4a, 0xbd, 0x14, 0x37, 0xb1, 0xc1, 0x38, 0x37,
  0x63, 0x9c, 0x26, 0x37, 0x4f, 0x70, 0x28, 0x37, 0xcc, 0x33, 0x0e, 0x37,
  0x98, 0x00, 0x00, 0x00, 0x64, 0x65, 0x6e, 0x6f, 0x69, 0x73, 0x65, 0x72,
  0x5f, 0x31, 0x2f, 0x63, 0x6f, 0x6e, 0x76, 0x31, 0x64, 0x5f, 0x31, 0x2f,
  0x52, 0x65, 0x6c, 0x75, 0x3b, 0x64, 0x65, 0x6e, 0x6f, 0x69, 0x73, 0x65,
  0x72, 0x5f, 0x31, 0x2f, 0x63, 0x6f, 0x6e, 0x76, 0x31, 0x64, 0x5f, 0x31,
  0x2f, 0x42, 0x69, 0x61, 0x73, 0x41, 0x64, 0x64, 0x3b, 0x64, 0x65, 0x6e,
  0x6f, 0x69, 0x73, 0x65, 0x72, 0x5f, 0x31, 0x2f, 0x63, 0x6f, 0x6e, 0x76,
  0x31, 0x64, 0x5f, 0x31, 0x2f, 0x63, 0x6f, 0x6e, 0x76, 0x6f, 0x6c, 0x75,
  0x74, 0x69, 0x6f, 0x6e, 0x2f, 0x53, 0x71, 0x75, 0x65, 0x65, 0x7a, 0x65,
  0x3b, 0x64, 0x65, 0x6e, 0x6f, 0x69, 0x73, 0x65, 0x72, 0x5f, 0x31, 0x2f,
  0x63, 0x6f, 0x6e, 0x76, 0x31, 0x64, 0x5f, 0x31, 0x2f, 0x53, 0x71, 0x75,
  0x65, 0x65, 0x7a, 0x65, 0x3b, 0x64, 0x65, 0x6e, 0x6f, 0x69, 0x73, 0x65,
  0x72, 0x5f, 0x31, 0x2f, 0x63, 0x6f, 0x6e, 0x76, 0x31, 0x64, 0x5f, 0x31,
  0x2f, 0x63, 0x6f, 0x6e, 0x76, 0x6f, 0x6c, 0x75, 0x74, 0x69, 0x6f, 0x6e,
  0x00, 0x00, 0x00, 0x00, 0x01, 0x00, 0x00, 0x00, 0x10, 0x00, 0x00, 0x00,
  0x62, 0xf2, 0xff, 0xff, 0x00, 0x00, 0x00, 0x01, 0x14, 0x00, 0x00, 0x00,
  0x88, 0x00, 0x00, 0x00, 0x18, 0x00, 0x00, 0x00, 0x00, 0x00, 0x00, 0x09,
  0xa4, 0x00, 0x00, 0x00, 0xe4, 0xf1, 0xff, 0xff, 0x08, 0x00, 0x00, 0x00,
  0x4c, 0x00, 0x00, 0x00, 0x08, 0x00, 0x00, 0x00, 0x00, 0x00, 0x00, 0x00,
  0x00, 0x00, 0x00, 0x00, 0x00, 0x00, 0x00, 0x00, 0x00, 0x00, 0x00, 0x00,
  0x00, 0x00, 0x00, 0x00, 0x00, 0x00, 0x00, 0x00, 0x00, 0x00, 0x00, 0x00,
  0x00, 0x00, 0x00, 0x00, 0x00, 0x00, 0x00, 0x00, 0x00, 0x00, 0x00, 0x00,
  0x00, 0x00, 0x00, 0x00, 0x00, 0x00, 0x00, 0x00, 0x00, 0x00, 0x00, 0x00,
  0x00, 0x00, 0x00, 0x00, 0x00, 0x00, 0x00, 0x00, 0x00, 0x00, 0x00, 0x00,
  0x00, 0x00, 0x00, 0x00, 0x08, 0x00, 0x00, 0x00, 0xe3, 0xbd, 0xdf, 0x3a,
  0x4b, 0xf1, 0xa9, 0x3a, 0x59, 0xf3, 0xe9, 0x3a, 0x90, 0x6f, 0xaa, 0x3a,
  0x80, 0x67, 0xda, 0x3a, 0x5e, 0xa0, 0xc1, 0x3a, 0x3d, 0xc0, 0xbb, 0x3a,
  0x9b, 0x15, 0xf3, 0x3a, 0x21, 0x00, 0x00, 0x00, 0x64, 0x65, 0x6e, 0x6f,
  0x69, 0x73, 0x65, 0x72, 0x5f, 0x31, 0x2f, 0x63, 0x6f, 0x6e, 0x76, 0x31,
  0x64, 0x5f, 0x31, 0x5f, 0x32, 0x2f, 0x63, 0x6f, 0x6e, 0x76, 0x6f, 0x6c,
  0x75, 0x74, 0x69, 0x6f, 0x6e, 0x00, 0x00, 0x00, 0x04, 0x00, 0x00, 0x00,
  0x08, 0x00, 0x00, 0x00, 0x01, 0x00, 0x00, 0x00, 0x0f, 0x00, 0x00, 0x00,
  0x10, 0x00, 0x00, 0x00, 0x32, 0xf3, 0xff, 0xff, 0x00, 0x00, 0x00, 0x01,
  0x14, 0x00, 0x00, 0x00, 0x84, 0x00, 0x00, 0x00, 0x17, 0x00, 0x00, 0x00,
  0x00, 0x00, 0x00, 0x02, 0x20, 0x01, 0x00, 0x00, 0xb4, 0xf2, 0xff, 0xff,
  0x08, 0x00, 0x00, 0x00, 0x48, 0x00, 0x00, 0x00, 0x08, 0x00, 0x00, 0x00,
  0x00, 0x00, 0x00, 0x00, 0x00, 0x00, 0x00, 0x00, 0x00, 0x00, 0x00, 0x00,
  0x00, 0x00, 0x00, 0x00, 0x00, 0x00, 0x00, 0x00, 0x00, 0x00, 0x00, 0x00,
  0x00, 0x00, 0x00, 0x00, 0x00, 0x00, 0x00, 0x00, 0x00, 0x00, 0x00, 0x00,
  0x00, 0x00, 0x00, 0x00, 0x00, 0x00, 0x00, 0x00, 0x00, 0x00, 0x00, 0x00,
  0x00, 0x00, 0x00, 0x00, 0x00, 0x00, 0x00, 0x00, 0x00, 0x00, 0x00, 0x00,
  0x00, 0x00, 0x00, 0x00, 0x08, 0x00, 0x00, 0x00, 0x92, 0x5c, 0xc1, 0x36,
  0x0d, 0xde, 0x92, 0x36, 0x2b, 0x2f, 0xca, 0x36, 0x2c, 0x4b, 0x93, 0x36,
  0xb7, 0xbf, 0xbc, 0x36, 0xde, 0x55, 0xa7, 0x36, 0xf9, 0x41, 0xa2, 0x36,
  0xef, 0x13, 0xd2, 0x36, 0xa2, 0x00, 0x00, 0x00, 0x64, 0x65, 0x6e, 0x6f,
  0x69, 0x73, 0x65, 0x72, 0x5f, 0x31, 0x2f, 0x63, 0x6f, 0x6e, 0x76, 0x31,
  0x64, 0x5f, 0x31, 0x5f, 0x32, 0x2f, 0x52, 0x65, 0x6c, 0x75, 0x3b, 0x64,
  0x65, 0x6e, 0x6f, 0x69, 0x73, 0x65, 0x72, 0x5f, 0x31, 0x2f, 0x63, 0x6f,
  0x6e, 0x76, 0x31, 0x64, 0x5f, 0x31, 0x5f, 0x32, 0x2f, 0x42, 0x69, 0x61,
  0x73, 0x41, 0x64, 0x64, 0x3b, 0x64, 0x65, 0x6e, 0x6f, 0x69, 0x73, 0x65,
  0x72, 0x5f, 0x31, 0x2f, 0x63, 0x6f, 0x6e, 0x76, 0x31, 0x64, 0x5f, 0x31,
  0x5f, 0x32, 0x2f, 0x63, 0x6f, 0x6e, 0x76, 0x6f, 0x6c, 0x75, 0x74, 0x69,
  0x6f, 0x6e, 0x2f, 0x53, 0x71, 0x75, 0x65, 0x65, 0x7a, 0x65, 0x3b, 0x64,
  0x65, 0x6e, 0x6f, 0x69, 0x73, 0x65, 0x72, 0x5f, 0x31, 0x2f, 0x63, 0x6f,
  0x6e, 0x76, 0x31, 0x64, 0x5f, 0x31, 0x5f, 0x32, 0x2f, 0x53, 0x71, 0x75,
  0x65, 0x65, 0x7a, 0x65, 0x3b, 0x64, 0x65, 0x6e, 0x6f, 0x69, 0x73, 0x65,
  0x72, 0x5f, 0x31, 0x2f, 0x63, 0x6f, 0x6e, 0x76, 0x31, 0x64, 0x5f, 0x31,
  0x5f, 0x32, 0x2f, 0x63, 0x6f, 0x6e, 0x76, 0x6f, 0x6c, 0x75, 0x74, 0x69,
  0x6f, 0x6e, 0x00, 0x00, 0x01, 0x00, 0x00, 0x00, 0x08, 0x00, 0x00, 0x00,
  0x72, 0xf4, 0xff, 0xff, 0x00, 0x00, 0x00, 0x01, 0x14, 0x00, 0x00, 0x00,
  0x84, 0x00, 0x00, 0x00, 0x16, 0x00, 0x00, 0x00, 0x00, 0x00, 0x00, 0x09,
  0xac, 0x00, 0x00, 0x00, 0xf4, 0xf3, 0xff, 0xff, 0x08, 0x00, 0x00, 0x00,
  0x48, 0x00, 0x00, 0x00, 0x08, 0x00, 0x00, 0x00, 0x00, 0x00, 0x00, 0x00,
  0x00, 0x00, 0x00, 0x00, 0x00, 0x00, 0x00, 0x00, 0x00, 0x00, 0x00, 0x00,
  0x00, 0x00, 0x00, 0x00, 0x00, 0x00, 0x00, 0x00, 0x00, 0x00, 0x00, 0x00,
  0x00, 0x00, 0x00, 0x00, 0x00, 0x00, 0x00, 0x00, 0x00, 0x00, 0x00, 0x00,
  0x00, 0x00, 0x00, 0x00, 0x00, 0x00, 0x00, 0x00, 0x00, 0x00, 0x00, 0x00,
  0x00, 0x00, 0x00, 0x00, 0x00, 0x00, 0x00, 0x00, 0x00, 0x00, 0x00, 0x00,
  0x08, 0x00, 0x00, 0x00, 0x38, 0x29, 0xe6, 0x3a, 0xac, 0xb6, 0xed, 0x3a,
  0x9e, 0x7e, 0xed, 0x3a, 0x0a, 0x39, 0xd0, 0x3a, 0x21, 0xf7, 0xe6, 0x3a,
  0x60, 0xdc, 0x04, 0x3b, 0xa2, 0xda, 0xfa, 0x3a, 0x96, 0xc1, 0xf3, 0x3a,
  0x2c, 0x00, 0x00, 0x00, 0x64, 0x65, 0x6e, 0x6f, 0x69, 0x73, 0x65, 0x72,
  0x5f, 0x31, 0x2f, 0x63, 0x6f, 0x6e, 0x76, 0x31, 0x64, 0x5f, 0x74, 0x72,
  0x61, 0x6e, 0x73, 0x70, 0x6f, 0x73, 0x65, 0x5f, 0x31, 0x2f, 0x63, 0x6f,
  0x6e, 0x76, 0x5f, 0x74, 0x72, 0x61, 0x6e, 0x73, 0x70, 0x6f, 0x73, 0x65,
  0x00, 0x00, 0x00, 0x00, 0x04, 0x00, 0x00, 0x00, 0x08, 0x00, 0x00, 0x00,
  0x01, 0x00, 0x00, 0x00, 0x0f, 0x00, 0x00, 0x00, 0x08, 0x00, 0x00, 0x00,
  0x4a, 0xf5, 0xff, 0xff, 0x00, 0x00, 0x00, 0x01, 0x14, 0x00, 0x00, 0x00,
  0x84, 0x00, 0x00, 0x00, 0x15, 0x00, 0x00, 0x00, 0x00, 0x00, 0x00, 0x02,
  0x50, 0x01, 0x00, 0x00, 0xcc, 0xf4, 0xff, 0xff, 0x08, 0x00, 0x00, 0x00,
  0x48, 0x00, 0x00, 0x00, 0x08, 0x00, 0x00, 0x00, 0x00, 0x00, 0x00, 0x00,
  0x00, 0x00, 0x00, 0x00, 0x00, 0x00, 0x00, 0x00, 0x00, 0x00, 0x00, 0x00,
  0x00, 0x00, 0x00, 0x00, 0x00, 0x00, 0x00, 0x00, 0x00, 0x00, 0x00, 0x00,
  0x00, 0x00, 0x00, 0x00, 0x00, 0x00, 0x00, 0x00, 0x00, 0x00, 0x00, 0x00,
  0x00, 0x00, 0x00, 0x00, 0x00, 0x00, 0x00, 0x00, 0x00, 0x00, 0x00, 0x00,
  0x00, 0x00, 0x00, 0x00, 0x00, 0x00, 0x00, 0x00, 0x00, 0x00, 0x00, 0x00,
  0x08, 0x00, 0x00, 0x00, 0x1e, 0xec, 0x1b, 0x37, 0xef, 0x09, 0x21, 0x37,
  0xf5, 0xe3, 0x20, 0x37, 0x71, 0x0f, 0x0d, 0x37, 0x9c, 0x77, 0x1c, 0x37,
  0x4b, 0x03, 0x34, 0x37, 0xd8, 0xf0, 0x29, 0x37, 0xe3, 0x21, 0x25, 0x37,
  0xd0, 0x00, 0x00, 0x00, 0x64, 0x65, 0x6e, 0x6f, 0x69, 0x73, 0x65, 0x72,
  0x5f, 0x31, 0x2f, 0x63, 0x6f, 0x6e, 0x76, 0x31, 0x64, 0x5f, 0x74, 0x72,
  0x61, 0x6e, 0x73, 0x70, 0x6f, 0x73, 0x65, 0x5f, 0x31, 0x2f, 0x52, 0x65,
  0x6c, 0x75, 0x3b, 0x64, 0x65, 0x6e, 0x6f, 0x69, 0x73, 0x65, 0x72, 0x5f,
  0x31, 0x2f, 0x63, 0x6f, 0x6e, 0x76, 0x31, 0x64, 0x5f, 0x74, 0x72, 0x61,
  0x6e, 0x73, 0x70, 0x6f, 0x73, 0x65, 0x5f, 0x31, 0x2f, 0x42, 0x69, 0x61,
  0x73, 0x41, 0x64, 0x64, 0x3b, 0x64, 0x65, 0x6e, 0x6f, 0x69, 0x73, 0x65,
  0x72, 0x5f, 0x31, 0x2f, 0x63, 0x6f, 0x6e, 0x76, 0x31, 0x64, 0x5f, 0x74,
  0x72, 0x61, 0x6e, 0x73, 0x70, 0x6f, 0x73, 0x65, 0x5f, 0x31, 0x2f, 0x63,
  0x6f, 0x6e, 0x76, 0x5f, 0x74, 0x72, 0x61, 0x6e, 0x73, 0x70, 0x6f, 0x73,
  0x65, 0x2f, 0x53, 0x71, 0x75, 0x65, 0x65, 0x7a, 0x65, 0x3b, 0x64, 0x65,
  0x6e, 0x6f, 0x69, 0x73, 0x65, 0x72, 0x5f, 0x31, 0x2f, 0x63, 0x6f, 0x6e,
  0x76, 0x31, 0x64, 0x5f, 0x74, 0x72, 0x61, 0x6e, 0x73, 0x70, 0x6f, 0x73,
  0x65, 0x5f, 0x31, 0x2f, 0x53, 0x71, 0x75, 0x65, 0x65, 0x7a, 0x65, 0x3b,
  0x64, 0x65, 0x6e, 0x6f, 0x69, 0x73, 0x65, 0x72, 0x5f, 0x31, 0x2f, 0x63,
  0x6f, 0x6e, 0x76, 0x31, 0x64, 0x5f, 0x74, 0x72, 0x61, 0x6e, 0x73, 0x70,
  0x6f, 0x73, 0x65, 0x5f, 0x31, 0x2f, 0x63, 0x6f, 0x6e, 0x76, 0x5f, 0x74,
  0x72, 0x61, 0x6e, 0x73, 0x70, 0x6f, 0x73, 0x65, 0x00, 0x00, 0x00, 0x00,
  0x01, 0x00, 0x00, 0x00, 0x08, 0x00, 0x00, 0x00, 0xba, 0xf6, 0xff, 0xff,
  0x00, 0x00, 0x00, 0x01, 0x14, 0x00, 0x00, 0x00, 0x88, 0x00, 0x00, 0x00,
  0x14, 0x00, 0x00, 0x00, 0x00, 0x00, 0x00, 0x09, 0xa4, 0x00, 0x00, 0x00,
  0x3c, 0xf6, 0xff, 0xff, 0x08, 0x00, 0x00, 0x00, 0x4c, 0x00, 0x00, 0x00,
  0x08, 0x00, 0x00, 0x00, 0x00, 0x00, 0x00, 0x00, 0x00, 0x00, 0x00, 0x00,
  0x00, 0x00, 0x00, 0x00, 0x00, 0x00, 0x00, 0x00, 0x00, 0x00, 0x00, 0x00,
  0x00, 0x00, 0x00, 0x00, 0x00, 0x00, 0x00, 0x00, 0x00, 0x00, 0x00, 0x00,
  0x00, 0x00, 0x00, 0x00, 0x00, 0x00, 0x00, 0x00, 0x00, 0x00, 0x00, 0x00,
  0x00, 0x00, 0x00, 0x00, 0x00, 0x00, 0x00, 0x00, 0x00, 0x00, 0x00, 0x00,
  0x00, 0x00, 0x00, 0x00, 0x00, 0x00, 0x00, 0x00, 0x00, 0x00, 0x00, 0x00,
  0x08, 0x00, 0x00, 0x00, 0xcc, 0x60, 0x6b, 0x3b, 0xe3, 0x38, 0xe2, 0x3a,
  0xad, 0x2e, 0x89, 0x3b, 0xd9, 0x89, 0xe7, 0x3a, 0x99, 0xfb, 0xcf, 0x3a,
  0xa1, 0x10, 0xc7, 0x3a, 0xfd, 0x58, 0xc9, 0x3a, 0x6d, 0x5d, 0xf0, 0x3a,
  0x21, 0x00, 0x00, 0x00, 0x64, 0x65, 0x6e, 0x6f, 0x69, 0x73, 0x65, 0x72,
  0x5f, 0x31, 0x2f, 0x63, 0x6f, 0x6e, 0x76, 0x31, 0x64, 0x5f, 0x32, 0x5f,
  0x31, 0x2f, 0x63, 0x6f, 0x6e, 0x76, 0x6f, 0x6c, 0x75, 0x74, 0x69, 0x6f,
  0x6e, 0x00, 0x00, 0x00, 0x04, 0x00, 0x00, 0x00, 0x08, 0x00, 0x00, 0x00,
  0x01, 0x00, 0x00, 0x00, 0x0f, 0x00, 0x00, 0x00, 0x08, 0x00, 0x00, 0x00,
  0x8a, 0xf7, 0xff, 0xff, 0x00, 0x00, 0x00, 0x01, 0x14, 0x00, 0x00, 0x00,
  0x84, 0x00, 0x00, 0x00, 0x13, 0x00, 0x00, 0x00, 0x00, 0x00, 0x00, 0x02,
  0x20, 0x01, 0x00, 0x00, 0x0c, 0xf7, 0xff, 0xff, 0x08, 0x00, 0x00, 0x00,
  0x48, 0x00, 0x00, 0x00, 0x08, 0x00, 0x00, 0x00, 0x00, 0x00, 0x00, 0x00,
  0x00, 0x00, 0x00, 0x00, 0x00, 0x00, 0x00, 0x00, 0x00, 0x00, 0x00, 0x00,
  0x00, 0x00, 0x00, 0x00, 0x00, 0x00, 0x00, 0x00, 0x00, 0x00, 0x00, 0x00,
  0x00, 0x00, 0x00, 0x00, 0x00, 0x00, 0x00, 0x00, 0x00, 0x00, 0x00, 0x00,
  0x00, 0x00, 0x00, 0x00, 0x00, 0x00, 0x00, 0x00, 0x00, 0x00, 0x00, 0x00,
  0x00, 0x00, 0x00, 0x00, 0x00, 0x00, 0x00, 0x00, 0x00, 0x00, 0x00, 0x00,
  0x08, 0x00, 0x00, 0x00, 0xc0, 0xbe, 0xa1, 0x37, 0x15, 0x74, 0x1b, 0x37,
  0x1a, 0x89, 0xbc, 0x37, 0x4c, 0x1b, 0x1f, 0x37, 0x7b, 0xeb, 0x0e, 0x37,
  0xb1, 0xca, 0x08, 0x37, 0x3f, 0x5c, 0x0a, 0x37, 0x04, 0x2c, 0x25, 0x37,
  0xa2, 0x00, 0x00, 0x00, 0x64, 0x65, 0x6e, 0x6f, 0x69, 0x73, 0x65, 0x72,
  0x5f, 0x31, 0x2f, 0x63, 0x6f, 0x6e, 0x76, 0x31, 0x64, 0x5f, 0x32, 0x5f,
  0x31, 0x2f, 0x52, 0x65, 0x6c, 0x75, 0x3b, 0x64, 0x65, 0x6e, 0x6f, 0x69,
  0x73, 0x65, 0x72, 0x5f, 0x31, 0x2f, 0x63, 0x6f, 0x6e, 0x76, 0x31, 0x64,
  0x5f, 0x32, 0x5f, 0x31, 0x2f, 0x42, 0x69, 0x61, 0x73, 0x41, 0x64, 0x64,
  0x3b, 0x64, 0x65, 0x6e, 0x6f, 0x69, 0x73, 0x65, 0x72, 0x5f, 0x31, 0x2f,
  0x63, 0x6f, 0x6e, 0x76, 0x31, 0x64, 0x5f, 0x32, 0x5f, 0x31, 0x2f, 0x63,
  0x6f, 0x6e, 0x76, 0x6f, 0x6c, 0x75, 0x74, 0x69, 0x6f, 0x6e, 0x2f, 0x53,
  0x71, 0x75, 0x65, 0x65, 0x7a, 0x65, 0x3b, 0x64, 0x65, 0x6e, 0x6f, 0x69,
  0x73, 0x65, 0x72, 0x5f, 0x31, 0x2f, 0x63, 0x6f, 0x6e, 0x76, 0x31, 0x64,
  0x5f, 0x32, 0x5f, 0x31, 0x2f, 0x53, 0x71, 0x75, 0x65, 0x65, 0x7a, 0x65,
  0x3b, 0x64, 0x65, 0x6e, 0x6f, 0x69, 0x73, 0x65, 0x72, 0x5f, 0x31, 0x2f,
  0x63, 0x6f, 0x6e, 0x76, 0x31, 0x64, 0x5f, 0x32, 0x5f, 0x31, 0x2f, 0x63,
  0x6f, 0x6e, 0x76, 0x6f, 0x6c, 0x75, 0x74, 0x69, 0x6f, 0x6e, 0x00, 0x00,
  0x01, 0x00, 0x00, 0x00, 0x08, 0x00, 0x00, 0x00, 0xca, 0xf8, 0xff, 0xff,
  0x00, 0x00, 0x00, 0x01, 0x14, 0x00, 0x00, 0x00, 0x84, 0x00, 0x00, 0x00,
  0x12, 0x00, 0x00, 0x00, 0x00, 0x00, 0x00, 0x09, 0xac, 0x00, 0x00, 0x00,
  0x4c, 0xf8, 0xff, 0xff, 0x08, 0x00, 0x00, 0x00, 0x48, 0x00, 0x00, 0x00,
  0x08, 0x00, 0x00, 0x00, 0x00, 0x00, 0x00, 0x00, 0x00, 0x00, 0x00, 0x00,
  0x00, 0x00, 0x00, 0x00, 0x00, 0x00, 0x00, 0x00, 0x00, 0x00, 0x00, 0x00,
  0x00, 0x00, 0x00, 0x00, 0x00, 0x00, 0x00, 0x00, 0x00, 0x00, 0x00, 0x00,
  0x00, 0x00, 0x00, 0x00, 0x00, 0x00, 0x00, 0x00, 0x00, 0x00, 0x00, 0x00,
  0x00, 0x00, 0x00, 0x00, 0x00, 0x00, 0x00, 0x00, 0x00, 0x00, 0x00, 0x00,
  0x00, 0x00, 0x00, 0x00, 0x00, 0x00, 0x00, 0x00, 0x08, 0x00, 0x00, 0x00,
  0xe2, 0x11, 0x5b, 0x3b, 0x59, 0x03, 0x83, 0x3b, 0x46, 0xfd, 0x73, 0x3b,
  0x27, 0x62, 0x69, 0x3b, 0xdb, 0xd6, 0x82, 0x3b, 0x0f, 0x26, 0x9a, 0x3b,
  0x19, 0x2c, 0x5d, 0x3b, 0x2b, 0xad, 0x11, 0x3b, 0x2e, 0x00, 0x00, 0x00,
  0x64, 0x65, 0x6e, 0x6f, 0x69, 0x73, 0x65, 0x72, 0x5f, 0x31, 0x2f, 0x63,
  0x6f, 0x6e, 0x76, 0x31, 0x64, 0x5f, 0x74, 0x72, 0x61, 0x6e, 0x73, 0x70,
  0x6f, 0x73, 0x65, 0x5f, 0x31, 0x5f, 0x32, 0x2f, 0x63, 0x6f, 0x6e, 0x76,
  0x5f, 0x74, 0x72, 0x61, 0x6e, 0x73, 0x70, 0x6f, 0x73, 0x65, 0x00, 0x00,
  0x04, 0x00, 0x00, 0x00, 0x08, 0x00, 0x00, 0x00, 0x01, 0x00, 0x00, 0x00,
  0x0f, 0x00, 0x00, 0x00, 0x08, 0x00, 0x00, 0x00, 0xa2, 0xf9, 0xff, 0xff,
  0x00, 0x00, 0x00, 0x01, 0x14, 0x00, 0x00, 0x00, 0x84, 0x00, 0x00, 0x00,
  0x11, 0x00, 0x00, 0x00, 0x00, 0x00, 0x00, 0x02, 0x58, 0x01, 0x00, 0x00,
  0x24, 0xf9, 0xff, 0xff, 0x08, 0x00, 0x00, 0x00, 0x48, 0x00, 0x00, 0x00,
  0x08, 0x00, 0x00, 0x00, 0x00, 0x00, 0x00, 0x00, 0x00, 0x00, 0x00, 0x00,
  0x00, 0x00, 0x00, 0x00, 0x00, 0x00, 0x00, 0x00, 0x00, 0x00, 0x00, 0x00,
  0x00, 0x00, 0x00, 0x00, 0x00, 0x00, 0x00, 0x00, 0x00, 0x00, 0x00, 0x00,
  0x00, 0x00, 0x00, 0x00, 0x00, 0x00, 0x00, 0x00, 0x00, 0x00, 0x00, 0x00,
  0x00, 0x00, 0x00, 0x00, 0x00, 0x00, 0x00, 0x00, 0x00, 0x00, 0x00, 0x00,
  0x00, 0x00, 0x00, 0x00, 0x00, 0x00, 0x00, 0x00, 0x08, 0x00, 0x00, 0x00,
  0xe2, 0x8e, 0xc6, 0x37, 0x0d, 0x7e, 0xed, 0x37, 0xf7, 0x24, 0xdd, 0x37,
  0x10, 0x88, 0xd3, 0x37, 0x66, 0x2d, 0xed, 0x37, 0x30, 0xb7, 0x0b, 0x38,
  0xb4, 0x76, 0xc8, 0x37, 0x5f, 0x09, 0x84, 0x37, 0xda, 0x00, 0x00, 0x00,
  0x64, 0x65, 0x6e, 0x6f, 0x69, 0x73, 0x65, 0x72, 0x5f, 0x31, 0x2f, 0x63,
  0x6f, 0x6e, 0x76, 0x31, 0x64, 0x5f, 0x74, 0x72, 0x61, 0x6e, 0x73, 0x70,
  0x6f, 0x73, 0x65, 0x5f, 0x31, 0x5f, 0x32, 0x2f, 0x52, 0x65, 0x6c, 0x75,
  0x3b, 0x64, 0x65, 0x6e, 0x6f, 0x69, 0x73, 0x65, 0x72, 0x5f, 0x31, 0x2f,
  0x63, 0x6f, 0x6e, 0x76, 0x31, 0x64, 0x5f, 0x74, 0x72, 0x61, 0x6e, 0x73,
  0x70, 0x6f, 0x73, 0x65, 0x5f, 0x31, 0x5f, 0x32, 0x2f, 0x42, 0x69, 0x61,
  0x73, 0x41, 0x64, 0x64, 0x3b, 0x64, 0x65, 0x6e, 0x6f, 0x69, 0x73, 0x65,
  0x72, 0x5f, 0x31, 0x2f, 0x63, 0x6f, 0x6e, 0x76, 0x31, 0x64, 0x5f, 0x74,
  0x72, 0x61, 0x6e, 0x73, 0x70, 0x6f, 0x73, 0x65, 0x5f, 0x31, 0x5f, 0x32,
  0x2f, 0x63, 0x6f, 0x6e, 0x76, 0x5f, 0x74, 0x72, 0x61, 0x6e, 0x73, 0x70,
  0x6f, 0x73, 0x65, 0x2f, 0x53, 0x71, 0x75, 0x65, 0x65, 0x7a, 0x65, 0x3b,
  0x64, 0x65, 0x6e, 0x6f, 0x69, 0x73, 0x65, 0x72, 0x5f, 0x31, 0x2f, 0x63,
  0x6f, 0x6e, 0x76, 0x31, 0x64, 0x5f, 0x74, 0x72, 0x61, 0x6e, 0x73, 0x70,
  0x6f, 0x73, 0x65, 0x5f, 0x31, 0x5f, 0x32, 0x2f, 0x53, 0x71, 0x75, 0x65,
  0x65, 0x7a, 0x65, 0x3b, 0x64, 0x65, 0x6e, 0x6f, 0x69, 0x73, 0x65, 0x72,
  0x5f, 0x31, 0x2f, 0x63, 0x6f, 0x6e, 0x76, 0x31, 0x64, 0x5f, 0x74, 0x72,
  0x61, 0x6e, 0x73, 0x70, 0x6f, 0x73, 0x65, 0x5f, 0x31, 0x5f, 0x32, 0x2f,
  0x63, 0x6f, 0x6e, 0x76, 0x5f, 0x74, 0x72, 0x61, 0x6e, 0x73, 0x70, 0x6f,
  0x73, 0x65, 0x00, 0x00, 0x01, 0x00, 0x00, 0x00, 0x08, 0x00, 0x00, 0x00,
  0x1a, 0xfb, 0xff, 0xff, 0x00, 0x00, 0x00, 0x01, 0x14, 0x00, 0x00, 0x00,
  0x30, 0x00, 0x00, 0x00, 0x10, 0x00, 0x00, 0x00, 0x00, 0x00, 0x00, 0x09,
  0x4c, 0x00, 0x00, 0x00, 0x9c, 0xfa, 0xff, 0xff, 0x08, 0x00, 0x00, 0x00,
  0x10, 0x00, 0x00, 0x00, 0x01, 0x00, 0x00, 0x00, 0x00, 0x00, 0x00, 0x00,
  0x00, 0x00, 0x00, 0x00, 0x01, 0x00, 0x00, 0x00, 0x25, 0x41, 0x07, 0x3b,
  0x21, 0x00, 0x00, 0x00, 0x64, 0x65, 0x6e, 0x6f, 0x69, 0x73, 0x65, 0x72,
  0x5f, 0x31, 0x2f, 0x63, 0x6f, 0x6e, 0x76, 0x31, 0x64, 0x5f, 0x33, 0x5f,
  0x31, 0x2f, 0x63, 0x6f, 0x6e, 0x76, 0x6f, 0x6c, 0x75, 0x74, 0x69, 0x6f,
  0x6e, 0x00, 0x00, 0x00, 0x04, 0x00, 0x00, 0x00, 0x01, 0x00, 0x00, 0x00,
  0x01, 0x00, 0x00, 0x00, 0x0f, 0x00, 0x00, 0x00, 0x08, 0x00, 0x00, 0x00,
  0x92, 0xfb, 0xff, 0xff, 0x00, 0x00, 0x00, 0x01, 0x14, 0x00, 0x00, 0x00,
  0x34, 0x00, 0x00, 0x00, 0x08, 0x00, 0x00, 0x00, 0x00, 0x00, 0x00, 0x02,
  0x50, 0x00, 0x00, 0x00, 0x14, 0xfb, 0xff, 0xff, 0x08, 0x00, 0x00, 0x00,
  0x14, 0x00, 0x00, 0x00, 0x01, 0x00, 0x00, 0x00, 0x00, 0x00, 0x00, 0x00,
  0x00, 0x00, 0x00, 0x00, 0x00, 0x00, 0x00, 0x00, 0x01, 0x00, 0x00, 0x00,
  0x2b, 0x8a, 0x48, 0x37, 0x22, 0x00, 0x00, 0x00, 0x64, 0x65, 0x6e, 0x6f,
  0x69, 0x73, 0x65, 0x72, 0x5f, 0x31, 0x2f, 0x63, 0x6f, 0x6e, 0x76, 0x31,
  0x64, 0x5f, 0x33, 0x5f, 0x31, 0x2f, 0x63, 0x6f, 0x6e, 0x76, 0x6f, 0x6c,
  0x75, 0x74, 0x69, 0x6f, 0x6e, 0x31, 0x00, 0x00, 0x01, 0x00, 0x00, 0x00,
  0x01, 0x00, 0x00, 0x00, 0x02, 0xfc, 0xff, 0xff, 0x00, 0x00, 0x00, 0x01,
  0x14, 0x00, 0x00, 0x00, 0x30, 0x00, 0x00, 0x00, 0x0e, 0x00, 0x00, 0x00,
  0x00, 0x00, 0x00, 0x09, 0x48, 0x00, 0x00, 0x00, 0x84, 0xfb, 0xff, 0xff,
  0x08, 0x00, 0x00, 0x00, 0x10, 0x00, 0x00, 0x00, 0x01, 0x00, 0x00, 0x00,
  0x7f, 0x00, 0x00, 0x00, 0x00, 0x00, 0x00, 0x00, 0x01, 0x00, 0x00, 0x00,
  0x28, 0x61, 0xdb, 0x38, 0x1d, 0x00, 0x00, 0x00, 0x64, 0x65, 0x6e, 0x6f,
  0x69, 0x73, 0x65, 0x72, 0x5f, 0x31, 0x2f, 0x63, 0x6f, 0x6e, 0x76, 0x31,
  0x64, 0x5f, 0x33, 0x5f, 0x31, 0x2f, 0x52, 0x65, 0x73, 0x68, 0x61, 0x70,
  0x65, 0x00, 0x00, 0x00, 0x03, 0x00, 0x00, 0x00, 0x01, 0x00, 0x00, 0x00,
  0x01, 0x00, 0x00, 0x00, 0x01, 0x00, 0x00, 0x00, 0x72, 0xfc, 0xff, 0xff,
  0x00, 0x00, 0x00, 0x01, 0x14, 0x00, 0x00, 0x00, 0x14, 0x00, 0x00, 0x00,
  0x0d, 0x00, 0x00, 0x00, 0x00, 0x00, 0x00, 0x02, 0x38, 0x00, 0x00, 0x00,
  0x5c, 0xfc, 0xff, 0xff, 0x29, 0x00, 0x00, 0x00, 0x64, 0x65, 0x6e, 0x6f,
  0x69, 0x73, 0x65, 0x72, 0x5f, 0x31, 0x2f, 0x63, 0x6f, 0x6e, 0x76, 0x31,
  0x64, 0x5f, 0x33, 0x5f, 0x31, 0x2f, 0x63, 0x6f, 0x6e, 0x76, 0x6f, 0x6c,
  0x75, 0x74, 0x69, 0x6f, 0x6e, 0x2f, 0x53, 0x71, 0x75, 0x65, 0x65, 0x7a,
  0x65, 0x00, 0x00, 0x00, 0x01, 0x00, 0x00, 0x00, 0x03, 0x00, 0x00, 0x00,
  0xca, 0xfc, 0xff, 0xff, 0x00, 0x00, 0x00, 0x01, 0x14, 0x00, 0x00, 0x00,
  0x14, 0x00, 0x00, 0x00, 0x0c, 0x00, 0x00, 0x00, 0x00, 0x00, 0x00, 0x02,
  0x44, 0x00, 0x00, 0x00, 0xb4, 0xfc, 0xff, 0xff, 0x36, 0x00, 0x00, 0x00,
  0x64, 0x65, 0x6e, 0x6f, 0x69, 0x73, 0x65, 0x72, 0x5f, 0x31, 0x2f, 0x63,
  0x6f, 0x6e, 0x76, 0x31, 0x64, 0x5f, 0x74, 0x72, 0x61, 0x6e, 0x73, 0x70,
  0x6f, 0x73, 0x65, 0x5f, 0x31, 0x5f, 0x32, 0x2f, 0x63, 0x6f, 0x6e, 0x76,
  0x5f, 0x74, 0x72, 0x61, 0x6e, 0x73, 0x70, 0x6f, 0x73, 0x65, 0x2f, 0x53,
  0x71, 0x75, 0x65, 0x65, 0x7a, 0x65, 0x00, 0x00, 0x01, 0x00, 0x00, 0x00,
  0x03, 0x00, 0x00, 0x00, 0x2e, 0xfd, 0xff, 0xff, 0x00, 0x00, 0x00, 0x01,
  0x14, 0x00, 0x00, 0x00, 0x14, 0x00, 0x00, 0x00, 0x0b, 0x00, 0x00, 0x00,
  0x00, 0x00, 0x00, 0x02, 0x4c, 0x00, 0x00, 0x00, 0x18, 0xfd, 0xff, 0xff,
  0x3e, 0x00, 0x00, 0x00, 0x64, 0x65, 0x6e, 0x6f, 0x69, 0x73, 0x65, 0x72,
  0x5f, 0x31, 0x2f, 0x63, 0x6f, 0x6e, 0x76, 0x31, 0x64, 0x5f, 0x74, 0x72,
  0x61, 0x6e, 0x73, 0x70, 0x6f, 0x73, 0x65, 0x5f, 0x31, 0x5f, 0x32, 0x2f,
  0x63, 0x6f, 0x6e, 0x76, 0x5f, 0x74, 0x72, 0x61, 0x6e, 0x73, 0x70, 0x6f,
  0x73, 0x65, 0x2f, 0x63, 0x6f, 0x6e, 0x63, 0x61, 0x74, 0x2f, 0x76, 0x61,
  0x6c, 0x75, 0x65, 0x73, 0x5f, 0x32, 0x00, 0x00, 0x01, 0x00, 0x00, 0x00,
  0x02, 0x00, 0x00, 0x00, 0x9a, 0xfd, 0xff, 0xff, 0x00, 0x00, 0x00, 0x01,
  0x14, 0x00, 0x00, 0x00, 0x14, 0x00, 0x00, 0x00, 0x0a, 0x00, 0x00, 0x00,
  0x00, 0x00, 0x00, 0x02, 0x4c, 0x00, 0x00, 0x00, 0x84, 0xfd, 0xff, 0xff,
  0x3c, 0x00, 0x00, 0x00, 0x64, 0x65, 0x6e, 0x6f, 0x69, 0x73, 0x65, 0x72,
  0x5f, 0x31, 0x2f, 0x63, 0x6f, 0x6e, 0x76, 0x31, 0x64, 0x5f, 0x74, 0x72,
  0x61, 0x6e, 0x73, 0x70, 0x6f, 0x73, 0x65, 0x5f, 0x31, 0x2f, 0x63, 0x6f,
  0x6e, 0x76, 0x5f, 0x74, 0x72, 0x61, 0x6e, 0x73, 0x70, 0x6f, 0x73, 0x65,
  0x2f, 0x63, 0x6f, 0x6e, 0x63, 0x61, 0x74, 0x2f, 0x76, 0x61, 0x6c, 0x75,
  0x65, 0x73, 0x5f, 0x32, 0x00, 0x00, 0x00, 0x00, 0x01, 0x00, 0x00, 0x00,
  0x02, 0x00, 0x00, 0x00, 0x06, 0xfe, 0xff, 0xff, 0x00, 0x00, 0x00, 0x01,
  0x14, 0x00, 0x00, 0x00, 0x14, 0x00, 0x00, 0x00, 0x04, 0x00, 0x00, 0x00,
  0x00, 0x00, 0x00, 0x02, 0x1c, 0x00, 0x00, 0x00, 0xf0, 0xfd, 0xff, 0xff,
  0x0f, 0x00, 0x00, 0x00, 0x61, 0x72, 0x69, 0x74, 0x68, 0x2e, 0x63, 0x6f,
  0x6e, 0x73, 0x74, 0x61, 0x6e, 0x74, 0x33, 0x00, 0x01, 0x00, 0x00, 0x00,
  0x01, 0x00, 0x00, 0x00, 0x42, 0xfe, 0xff, 0xff, 0x00, 0x00, 0x00, 0x01,
  0x14, 0x00, 0x00, 0x00, 0x14, 0x00, 0x00, 0x00, 0x08, 0x00, 0x00, 0x00,
  0x00, 0x00, 0x00, 0x02, 0x1c, 0x00, 0x00, 0x00, 0x2c, 0xfe, 0xff, 0xff,
  0x0f, 0x00, 0x00, 0x00, 0x61, 0x72, 0x69, 0x74, 0x68, 0x2e, 0x63, 0x6f,
  0x6e, 0x73, 0x74, 0x61, 0x6e, 0x74, 0x34, 0x00, 0x01, 0x00, 0x00, 0x00,
  0x01, 0x00, 0x00, 0x00, 0x7e, 0xfe, 0xff, 0xff, 0x00, 0x00, 0x00, 0x01,
  0x14, 0x00, 0x00, 0x00, 0x14, 0x00, 0x00, 0x00, 0x07, 0x00, 0x00, 0x00,
  0x00, 0x00, 0x00, 0x02, 0x3c, 0x00, 0x00, 0x00, 0x68, 0xfe, 0xff, 0xff,
  0x2e, 0x00, 0x00, 0x00, 0x64, 0x65, 0x6e, 0x6f, 0x69, 0x73, 0x65, 0x72,
  0x5f, 0x31, 0x2f, 0x6d, 0x61, 0x78, 0x5f, 0x70, 0x6f, 0x6f, 0x6c, 0x69,
  0x6e, 0x67, 0x31, 0x64, 0x5f, 0x31, 0x5f, 0x32, 0x2f, 0x4d, 0x61, 0x78,
  0x50, 0x6f, 0x6f, 0x6c, 0x31, 0x64, 0x2f, 0x53, 0x71, 0x75, 0x65, 0x65,
  0x7a, 0x65, 0x00, 0x00, 0x01, 0x00, 0x00, 0x00, 0x03, 0x00, 0x00, 0x00,
  0xda, 0xfe, 0xff, 0xff, 0x00, 0x00, 0x00, 0x01, 0x14, 0x00, 0x00, 0x00,
  0x14, 0x00, 0x00, 0x00, 0x06, 0x00, 0x00, 0x00, 0x00, 0x00, 0x00, 0x02,
  0x1c, 0x00, 0x00, 0x00, 0xc4, 0xfe, 0xff, 0xff, 0x0e, 0x00, 0x00, 0x00,
  0x61, 0x72, 0x69, 0x74, 0x68, 0x2e, 0x63, 0x6f, 0x6e, 0x73, 0x74, 0x61,
  0x6e, 0x74, 0x00, 0x00, 0x01, 0x00, 0x00, 0x00, 0x03, 0x00, 0x00, 0x00,
  0x16, 0xff, 0xff, 0xff, 0x00, 0x00, 0x00, 0x01, 0x14, 0x00, 0x00, 0x00,
  0x14, 0x00, 0x00, 0x00, 0x05, 0x00, 0x00, 0x00, 0x00, 0x00, 0x00, 0x02,
  0x3c, 0x00, 0x00, 0x00, 0x00, 0xff, 0xff, 0xff, 0x2c, 0x00, 0x00, 0x00,
  0x64, 0x65, 0x6e, 0x6f, 0x69, 0x73, 0x65, 0x72, 0x5f, 0x31, 0x2f, 0x6d,
  0x61, 0x78, 0x5f, 0x70, 0x6f, 0x6f, 0x6c, 0x69, 0x6e, 0x67, 0x31, 0x64,
  0x5f, 0x31, 0x2f, 0x4d, 0x61, 0x78, 0x50, 0x6f, 0x6f, 0x6c, 0x31, 0x64,
  0x2f, 0x53, 0x71, 0x75, 0x65, 0x65, 0x7a, 0x65, 0x00, 0x00, 0x00, 0x00,
  0x01, 0x00, 0x00, 0x00, 0x03, 0x00, 0x00, 0x00, 0x72, 0xff, 0xff, 0xff,
  0x00, 0x00, 0x00, 0x01, 0x14, 0x00, 0x00, 0x00, 0x14, 0x00, 0x00, 0x00,
  0x04, 0x00, 0x00, 0x00, 0x00, 0x00, 0x00, 0x02, 0x1c, 0x00, 0x00, 0x00,
  0x5c, 0xff, 0xff, 0xff, 0x0f, 0x00, 0x00, 0x00, 0x61, 0x72, 0x69, 0x74,
  0x68, 0x2e, 0x63, 0x6f, 0x6e, 0x73, 0x74, 0x61, 0x6e, 0x74, 0x32, 0x00,
  0x00, 0x00, 0x00, 0x00, 0xaa, 0xff, 0xff, 0xff, 0x00, 0x00, 0x00, 0x01,
  0x14, 0x00, 0x00, 0x00, 0x14, 0x00, 0x00, 0x00, 0x03, 0x00, 0x00, 0x00,
  0x00, 0x00, 0x00, 0x02, 0x34, 0x00, 0x00, 0x00, 0x94, 0xff, 0xff, 0xff,
  0x27, 0x00, 0x00, 0x00, 0x64, 0x65, 0x6e, 0x6f, 0x69, 0x73, 0x65, 0x72,
  0x5f, 0x31, 0x2f, 0x63, 0x6f, 0x6e, 0x76, 0x31, 0x64, 0x5f, 0x31, 0x2f,
  0x63, 0x6f, 0x6e, 0x76, 0x6f, 0x6c, 0x75, 0x74, 0x69, 0x6f, 0x6e, 0x2f,
  0x53, 0x71, 0x75, 0x65, 0x65, 0x7a, 0x65, 0x00, 0x01, 0x00, 0x00, 0x00,
  0x03, 0x00, 0x00, 0x00, 0x00, 0x00, 0x16, 0x00, 0x1c, 0x00, 0x18, 0x00,
  0x17, 0x00, 0x10, 0x00, 0x0c, 0x00, 0x08, 0x00, 0x00, 0x00, 0x00, 0x00,
  0x00, 0x00, 0x07, 0x00, 0x16, 0x00, 0x00, 0x00, 0x00, 0x00, 0x00, 0x01,
  0x18, 0x00, 0x00, 0x00, 0x18, 0x00, 0x00, 0x00, 0x02, 0x00, 0x00, 0x00,
  0x00, 0x00, 0x00, 0x02, 0x20, 0x00, 0x00, 0x00, 0x04, 0x00, 0x04, 0x00,
  0x04, 0x00, 0x00, 0x00, 0x0f, 0x00, 0x00, 0x00, 0x61, 0x72, 0x69, 0x74,
  0x68, 0x2e, 0x63, 0x6f, 0x6e, 0x73, 0x74, 0x61, 0x6e, 0x74, 0x31, 0x00,
  0x00, 0x00, 0x00, 0x00, 0x00, 0x00, 0x16, 0x00, 0x20, 0x00, 0x1c, 0x00,
  0x1b, 0x00, 0x14, 0x00, 0x10, 0x00, 0x0c, 0x00, 0x00, 0x00, 0x00, 0x00,
  0x08, 0x00, 0x07, 0x00, 0x16, 0x00, 0x00, 0x00, 0x00, 0x00, 0x00, 0x01,
  0x18, 0x00, 0x00, 0x00, 0x30, 0x00, 0x00, 0x00, 0x4c, 0x00, 0x00, 0x00,
  0x01, 0x00, 0x00, 0x00, 0x00, 0x00, 0x00, 0x09, 0x68, 0x00, 0x00, 0x00,
  0x03, 0x00, 0x00, 0x00, 0xff, 0xff, 0xff, 0xff, 0x68, 0x01, 0x00, 0x00,
  0x01, 0x00, 0x00, 0x00, 0x0c, 0x00, 0x0c, 0x00, 0x00, 0x00, 0x00, 0x00,
  0x08, 0x00, 0x04, 0x00, 0x0c, 0x00, 0x00, 0x00, 0x08, 0x00, 0x00, 0x00,
  0x10, 0x00, 0x00, 0x00, 0x01, 0x00, 0x00, 0x00, 0xff, 0xff, 0xff, 0xff,
  0xff, 0xff, 0xff, 0xff, 0x01, 0x00, 0x00, 0x00, 0x81, 0x80, 0x00, 0x3c,
  0x20, 0x00, 0x00, 0x00, 0x73, 0x65, 0x72, 0x76, 0x69, 0x6e, 0x67, 0x5f,
  0x64, 0x65, 0x66, 0x61, 0x75, 0x6c, 0x74, 0x5f, 0x64, 0x65, 0x6e, 0x6f,
  0x69, 0x73, 0x65, 0x72, 0x5f, 0x69, 0x6e, 0x70, 0x75, 0x74, 0x3a, 0x30,
  0x00, 0x00, 0x00, 0x00, 0x03, 0x00, 0x00, 0x00, 0x01, 0x00, 0x00, 0x00,
  0x68, 0x01, 0x00, 0x00, 0x01, 0x00, 0x00, 0x00, 0x09, 0x00, 0x00, 0x00,
  0xb0, 0x00, 0x00, 0x00, 0x90, 0x00, 0x00, 0x00, 0x74, 0x00, 0x00, 0x00,
  0x60, 0x00, 0x00, 0x00, 0x50, 0x00, 0x00, 0x00, 0x40, 0x00, 0x00, 0x00,
  0x30, 0x00, 0x00, 0x00, 0x1c, 0x00, 0x00, 0x00, 0x10, 0x00, 0x00, 0x00,
  0x00, 0x00, 0x0a, 0x00, 0x08, 0x00, 0x00, 0x00, 0x00, 0x00, 0x04, 0x00,
  0x0a, 0x00, 0x00, 0x00, 0x02, 0x00, 0x00, 0x00, 0xb0, 0xff, 0xff, 0xff,
  0x43, 0x00, 0x00, 0x00, 0x04, 0x00, 0x00, 0x00, 0x00, 0x00, 0x00, 0x43,
  0xa4, 0xff, 0xff, 0xff, 0x02, 0x00, 0x00, 0x00, 0x00, 0x00, 0x00, 0x02,
  0xb0, 0xff, 0xff, 0xff, 0x2d, 0x00, 0x00, 0x00, 0x00, 0x00, 0x00, 0x2d,
  0xbc, 0xff, 0xff, 0xff, 0x4d, 0x00, 0x00, 0x00, 0x00, 0x00, 0x00, 0x4d,
  0xe4, 0xff, 0xff, 0xff, 0x11, 0x00, 0x00, 0x00, 0x02, 0x00, 0x00, 0x00,
  0x00, 0x00, 0x00, 0x11, 0xd8, 0xff, 0xff, 0xff, 0x16, 0x00, 0x00, 0x00,
  0x00, 0x00, 0x00, 0x16, 0x0c, 0x00, 0x10, 0x00, 0x0f, 0x00, 0x00, 0x00,
  0x08, 0x00, 0x04, 0x00, 0x0c, 0x00, 0x00, 0x00, 0x03, 0x00, 0x00, 0x00,
  0x03, 0x00, 0x00, 0x00, 0x00, 0x00, 0x00, 0x03, 0x0c, 0x00, 0x0c, 0x00,
  0x0b, 0x00, 0x00, 0x00, 0x00, 0x00, 0x04, 0x00, 0x0c, 0x00, 0x00, 0x00,
  0x46, 0x00, 0x00, 0x00, 0x00, 0x00, 0x00, 0x46
};
unsigned const int robust_denoiser_int8_tflite_len = 19112;

#ifdef __cplusplus
}
#endif
